CREATE DATABASE  IF NOT EXISTS `hootusx` /*!40100 DEFAULT CHARACTER SET utf8mb4 COLLATE utf8mb4_unicode_ci */;
USE `hootusx`;
-- MySQL dump 10.13  Distrib 5.7.17, for Win64 (x86_64)
--
-- Host: localhost    Database: hootusx
-- ------------------------------------------------------
-- Server version	5.7.21

/*!40101 SET @OLD_CHARACTER_SET_CLIENT=@@CHARACTER_SET_CLIENT */;
/*!40101 SET @OLD_CHARACTER_SET_RESULTS=@@CHARACTER_SET_RESULTS */;
/*!40101 SET @OLD_COLLATION_CONNECTION=@@COLLATION_CONNECTION */;
/*!40101 SET NAMES utf8 */;
/*!40103 SET @OLD_TIME_ZONE=@@TIME_ZONE */;
/*!40103 SET TIME_ZONE='+00:00' */;
/*!40014 SET @OLD_UNIQUE_CHECKS=@@UNIQUE_CHECKS, UNIQUE_CHECKS=0 */;
/*!40014 SET @OLD_FOREIGN_KEY_CHECKS=@@FOREIGN_KEY_CHECKS, FOREIGN_KEY_CHECKS=0 */;
/*!40101 SET @OLD_SQL_MODE=@@SQL_MODE, SQL_MODE='NO_AUTO_VALUE_ON_ZERO' */;
/*!40111 SET @OLD_SQL_NOTES=@@SQL_NOTES, SQL_NOTES=0 */;

--
-- Table structure for table `alarmhistory`
--

DROP TABLE IF EXISTS `alarmhistory`;
/*!40101 SET @saved_cs_client     = @@character_set_client */;
/*!40101 SET character_set_client = utf8 */;
CREATE TABLE `alarmhistory` (
  `id` int(11) NOT NULL AUTO_INCREMENT,
  `location_id` int(11) NOT NULL,
  `alarmON` tinyint(1) DEFAULT '0',
  `alarmONTime` timestamp NULL DEFAULT NULL,
  `alarmOFF` tinyint(1) DEFAULT '0',
  `alarmOFFTime` timestamp NULL DEFAULT NULL,
  `rootcause_id` int(11) DEFAULT NULL,
  `comment` text COLLATE utf8mb4_unicode_ci,
  `user_id` int(11) DEFAULT NULL,
  `updated` datetime DEFAULT NULL ON UPDATE CURRENT_TIMESTAMP,
  PRIMARY KEY (`id`),
  KEY `loc_ah_PK` (`location_id`),
  KEY `user_ah_PK` (`user_id`),
  KEY `rootcause_ah_PK` (`rootcause_id`),
  CONSTRAINT `loc_ah_PK` FOREIGN KEY (`location_id`) REFERENCES `location` (`id`),
  CONSTRAINT `rootcause_ah_PK` FOREIGN KEY (`rootcause_id`) REFERENCES `rootcause` (`id`),
  CONSTRAINT `user_ah_PK` FOREIGN KEY (`user_id`) REFERENCES `user` (`id`)
) ENGINE=InnoDB AUTO_INCREMENT=16 DEFAULT CHARSET=utf8mb4 COLLATE=utf8mb4_unicode_ci;
/*!40101 SET character_set_client = @saved_cs_client */;

--
-- Dumping data for table `alarmhistory`
--

LOCK TABLES `alarmhistory` WRITE;
/*!40000 ALTER TABLE `alarmhistory` DISABLE KEYS */;
INSERT INTO `alarmhistory` VALUES (1,14,1,'2018-08-17 16:18:18',1,'2018-08-17 16:24:10',1,'',18,'2018-08-18 06:02:58'),(2,15,1,'2018-08-17 16:18:18',1,'2018-08-17 16:24:10',1,'',18,'2018-08-17 21:57:29'),(3,16,1,'2018-08-17 16:18:18',1,'2018-08-17 16:24:10',2,'',18,'2018-08-17 21:57:34'),(4,17,1,'2018-08-17 16:18:18',1,'2018-08-17 16:24:10',2,'',18,'2018-08-17 21:57:38'),(5,18,1,'2018-08-17 16:18:18',1,'2018-08-17 16:24:10',3,'',18,'2018-08-17 21:57:47'),(6,19,1,'2018-08-17 16:18:18',1,'2018-08-17 16:24:10',3,'',18,'2018-08-17 21:57:51'),(7,20,1,'2018-08-17 16:18:18',1,'2018-08-17 16:24:10',5,'',18,'2018-08-18 05:38:42'),(8,21,1,'2018-08-17 16:18:18',1,'2018-08-17 16:24:10',5,'test t=others `1',18,'2018-08-17 21:58:05'),(9,22,1,'2018-08-17 16:18:18',1,'2018-08-17 16:24:10',5,'test t=others `1',18,'2018-08-17 21:58:10'),(10,1,1,'2018-08-18 03:59:32',1,'2018-08-18 09:44:05',NULL,NULL,NULL,'2018-08-18 15:14:05'),(11,2,1,'2018-08-18 03:59:32',1,'2018-08-18 09:44:05',NULL,NULL,NULL,'2018-08-18 15:14:05'),(12,1,1,'2018-08-18 09:44:16',1,'2018-08-18 09:44:28',NULL,NULL,NULL,'2018-08-18 15:14:28'),(13,2,1,'2018-08-18 09:44:16',1,'2018-08-18 09:44:28',NULL,NULL,NULL,'2018-08-18 15:14:28'),(14,1,1,'2018-08-18 13:46:35',0,NULL,NULL,NULL,NULL,NULL),(15,2,1,'2018-08-18 13:46:35',0,NULL,NULL,NULL,NULL,NULL);
/*!40000 ALTER TABLE `alarmhistory` ENABLE KEYS */;
UNLOCK TABLES;

--
-- Table structure for table `apptimers`
--

DROP TABLE IF EXISTS `apptimers`;
/*!40101 SET @saved_cs_client     = @@character_set_client */;
/*!40101 SET character_set_client = utf8 */;
CREATE TABLE `apptimers` (
  `id` int(11) NOT NULL AUTO_INCREMENT,
  `popupTimer` int(11) NOT NULL DEFAULT '60',
  `healthTimer` int(11) NOT NULL DEFAULT '6',
  PRIMARY KEY (`id`)
) ENGINE=InnoDB AUTO_INCREMENT=2 DEFAULT CHARSET=utf8mb4 COLLATE=utf8mb4_unicode_ci;
/*!40101 SET character_set_client = @saved_cs_client */;

--
-- Dumping data for table `apptimers`
--

LOCK TABLES `apptimers` WRITE;
/*!40000 ALTER TABLE `apptimers` DISABLE KEYS */;
INSERT INTO `apptimers` VALUES (1,60,6);
/*!40000 ALTER TABLE `apptimers` ENABLE KEYS */;
UNLOCK TABLES;

--
-- Table structure for table `downhistory`
--

DROP TABLE IF EXISTS `downhistory`;
/*!40101 SET @saved_cs_client     = @@character_set_client */;
/*!40101 SET character_set_client = utf8 */;
CREATE TABLE `downhistory` (
  `id` int(11) NOT NULL AUTO_INCREMENT,
  `location_id` int(11) NOT NULL,
  `lastStatusUpdate` timestamp NULL DEFAULT CURRENT_TIMESTAMP,
  `rootcause_id` int(11) DEFAULT NULL,
  `comment` text COLLATE utf8mb4_unicode_ci,
  `user_id` int(11) DEFAULT NULL,
  `updated` datetime DEFAULT NULL ON UPDATE CURRENT_TIMESTAMP,
  PRIMARY KEY (`id`),
  KEY `loc_dh_PK` (`location_id`),
  KEY `user_dh_PK` (`user_id`),
  KEY `rootcause_dh_PK` (`rootcause_id`),
  CONSTRAINT `loc_dh_PK` FOREIGN KEY (`location_id`) REFERENCES `location` (`id`),
  CONSTRAINT `rootcause_dh_PK` FOREIGN KEY (`rootcause_id`) REFERENCES `rootcause` (`id`),
  CONSTRAINT `user_dh_PK` FOREIGN KEY (`user_id`) REFERENCES `user` (`id`)
) ENGINE=InnoDB AUTO_INCREMENT=311 DEFAULT CHARSET=utf8mb4 COLLATE=utf8mb4_unicode_ci;
/*!40101 SET character_set_client = @saved_cs_client */;

--
-- Dumping data for table `downhistory`
--

LOCK TABLES `downhistory` WRITE;
/*!40000 ALTER TABLE `downhistory` DISABLE KEYS */;
INSERT INTO `downhistory` VALUES (301,1,'2018-08-18 09:44:13',1,'',17,'2018-08-18 21:16:29'),(302,2,'2018-08-18 09:44:13',4,'',17,'2018-08-18 21:16:46'),(303,1,'2018-08-18 09:44:25',2,'',17,'2018-08-18 21:16:34'),(304,2,'2018-08-18 09:44:25',NULL,NULL,NULL,NULL),(305,1,'2018-08-18 09:44:37',3,'',17,'2018-08-18 21:16:39'),(306,2,'2018-08-18 09:44:37',NULL,NULL,NULL,NULL),(307,1,'2018-08-18 13:46:39',3,'',17,'2018-08-18 21:16:43'),(308,2,'2018-08-18 13:46:39',NULL,NULL,NULL,NULL),(309,1,'2018-08-19 01:02:57',NULL,NULL,NULL,NULL),(310,2,'2018-08-19 01:02:57',NULL,NULL,NULL,NULL);
/*!40000 ALTER TABLE `downhistory` ENABLE KEYS */;
UNLOCK TABLES;

--
-- Table structure for table `gender`
--

DROP TABLE IF EXISTS `gender`;
/*!40101 SET @saved_cs_client     = @@character_set_client */;
/*!40101 SET character_set_client = utf8 */;
CREATE TABLE `gender` (
  `id` int(11) NOT NULL AUTO_INCREMENT,
  `gender` varchar(50) COLLATE utf8mb4_unicode_ci NOT NULL,
  PRIMARY KEY (`id`)
) ENGINE=InnoDB AUTO_INCREMENT=6 DEFAULT CHARSET=utf8mb4 COLLATE=utf8mb4_unicode_ci;
/*!40101 SET character_set_client = @saved_cs_client */;

--
-- Dumping data for table `gender`
--

LOCK TABLES `gender` WRITE;
/*!40000 ALTER TABLE `gender` DISABLE KEYS */;
INSERT INTO `gender` VALUES (1,'Female'),(2,'Male'),(3,'Both'),(4,'Unknown'),(5,'NA');
/*!40000 ALTER TABLE `gender` ENABLE KEYS */;
UNLOCK TABLES;

--
-- Table structure for table `location`
--

DROP TABLE IF EXISTS `location`;
/*!40101 SET @saved_cs_client     = @@character_set_client */;
/*!40101 SET character_set_client = utf8 */;
CREATE TABLE `location` (
  `id` int(11) NOT NULL AUTO_INCREMENT,
  `zone_id` int(11) NOT NULL,
  `locationID` int(11) NOT NULL,
  `panelID` int(11) DEFAULT '0',
  `locationName` varchar(191) COLLATE utf8mb4_unicode_ci DEFAULT '',
  `comment` text COLLATE utf8mb4_unicode_ci,
  `status` tinyint(4) DEFAULT '1',
  `lastStatusUpdate` timestamp NULL DEFAULT NULL,
  `swver` varchar(15) COLLATE utf8mb4_unicode_ci DEFAULT NULL,
  `lastAlarm` tinyint(4) NOT NULL DEFAULT '0',
  `lastAlarmTime` timestamp NULL DEFAULT NULL,
  `created` datetime DEFAULT CURRENT_TIMESTAMP,
  `updated` datetime DEFAULT NULL ON UPDATE CURRENT_TIMESTAMP,
  `alertMe` tinyint(1) DEFAULT '1',
  `closeAlertTime` timestamp NULL DEFAULT NULL,
  PRIMARY KEY (`id`),
  UNIQUE KEY `locationID` (`locationID`),
  UNIQUE KEY `uniq_location` (`zone_id`,`locationID`),
  UNIQUE KEY `deviceID` (`panelID`),
  UNIQUE KEY `panelID` (`panelID`)
) ENGINE=InnoDB AUTO_INCREMENT=295 DEFAULT CHARSET=utf8mb4 COLLATE=utf8mb4_unicode_ci;
/*!40101 SET character_set_client = @saved_cs_client */;

--
-- Dumping data for table `location`
--

LOCK TABLES `location` WRITE;
/*!40000 ALTER TABLE `location` DISABLE KEYS */;
INSERT INTO `location` VALUES (1,1,4001,6001,'Location-4001 new name','check bb router test',0,'2018-08-19 01:02:54',NULL,1,'2018-08-19 09:21:15','2018-08-02 08:08:19','2018-08-19 14:51:15',1,NULL),(2,1,4002,6002,'Location-4002','change lan cable',0,'2018-08-19 01:02:54',NULL,1,'2018-08-19 09:21:15','2018-08-02 08:08:19','2018-08-19 14:51:15',1,NULL),(3,1,4003,6003,'Location-4003','update resident primary number',0,'2018-08-18 03:59:07',NULL,0,'2018-08-13 04:17:26','2018-08-02 08:08:19','2018-08-18 09:29:18',0,NULL),(4,1,4004,6004,'Location-4004','xyz',0,'2018-08-18 03:59:07',NULL,0,'2018-08-17 08:21:59','2018-08-02 08:08:19','2018-08-18 09:29:18',0,NULL),(5,1,4005,6005,'Location-4005','xyz',0,'2018-08-18 03:59:07',NULL,0,'2018-08-18 03:59:06','2018-08-02 08:08:19','2018-08-18 09:29:18',0,NULL),(6,1,4006,6006,'Location-4006','xyz',0,'2018-08-18 03:59:07',NULL,0,'2018-08-18 03:59:06','2018-08-02 08:08:19','2018-08-18 09:29:18',0,NULL),(7,1,4007,6007,'Location-4007','xyz',0,'2018-08-18 03:59:07',NULL,0,'2018-07-31 04:37:23','2018-08-02 08:08:19','2018-08-18 09:29:18',0,NULL),(8,1,4008,6008,'Location-4008','xyz',0,'2018-08-18 03:59:07',NULL,0,'2018-08-07 14:43:04','2018-08-02 08:08:19','2018-08-18 09:29:18',0,NULL),(9,1,4009,6009,'Location-4009','xyz test',0,'2018-08-18 03:59:07',NULL,0,'2018-08-07 14:43:04','2018-08-02 08:08:19','2018-08-18 09:29:18',0,NULL),(10,1,4010,6010,'Location-4010','xyz',0,'2018-08-18 03:59:07',NULL,0,'2018-08-07 14:43:04','2018-08-02 08:08:19','2018-08-18 09:29:18',0,NULL),(11,1,4011,6011,'Location-4011','xyz',0,'2018-08-18 03:59:07',NULL,0,'2018-08-07 00:49:02','2018-08-02 08:08:19','2018-08-18 09:29:18',0,NULL),(12,1,4012,6012,'Location-4012','xyz',0,'2018-08-18 03:59:07',NULL,0,'2018-08-07 14:43:04','2018-08-02 08:08:19','2018-08-18 09:29:18',0,NULL),(13,1,4013,6013,'Location-4013','xyz',0,'2018-08-18 03:59:07',NULL,0,'2018-08-07 14:43:04','2018-08-02 08:08:19','2018-08-18 09:29:18',0,NULL),(14,1,4014,6014,'Location-4014','xyz',0,'2018-08-18 03:59:07',NULL,0,'2018-08-17 16:24:06','2018-08-02 08:08:19','2018-08-18 09:29:18',0,NULL),(15,1,4015,6015,'Location-4015','xyz',0,'2018-08-18 03:59:07',NULL,0,'2018-08-17 16:24:06','2018-08-02 08:08:19','2018-08-18 09:29:18',0,NULL),(16,1,4016,6016,'Location-4016','xyz',0,'2018-08-18 03:59:07',NULL,0,'2018-08-17 16:24:06','2018-08-02 08:08:19','2018-08-18 09:29:18',0,NULL),(17,1,4017,6017,'Location-4017','xyz',0,'2018-08-18 03:59:07',NULL,0,'2018-08-17 16:24:06','2018-08-02 08:08:19','2018-08-18 09:29:18',0,NULL),(18,1,4018,6018,'Location-4018','xyz',0,'2018-08-18 03:59:07',NULL,0,'2018-08-17 16:24:06','2018-08-02 08:08:19','2018-08-18 09:29:18',0,NULL),(19,1,4019,6019,'Location-4019','xyz',0,'2018-08-18 03:59:07',NULL,0,'2018-08-17 16:24:06','2018-08-02 08:08:19','2018-08-18 09:29:18',0,NULL),(20,1,4020,6020,'Location-4020','xyz',0,'2018-08-18 03:59:07',NULL,0,'2018-08-17 16:24:06','2018-08-02 08:08:19','2018-08-18 09:29:18',0,NULL),(21,1,4021,6021,'Location-4021','xyz',0,'2018-08-18 03:59:07',NULL,0,'2018-08-17 16:24:06','2018-08-02 08:08:19','2018-08-18 09:29:18',0,NULL),(22,1,4022,6022,'Location-4022','xyz',0,'2018-08-18 03:59:07',NULL,0,'2018-08-17 16:24:06','2018-08-02 08:08:19','2018-08-18 09:29:18',0,NULL),(23,1,4023,6023,'Location-4023','xyz',0,'2018-08-18 03:59:07',NULL,0,'2018-08-17 13:43:59','2018-08-02 08:08:19','2018-08-18 09:29:18',0,NULL),(24,1,4024,6024,'Location-4024','xyz',0,'2018-08-18 03:59:07',NULL,0,'2018-08-17 13:43:59','2018-08-02 08:08:19','2018-08-18 09:29:18',0,NULL),(25,1,4025,6025,'Location-4025','xyz',0,'2018-08-18 03:59:07',NULL,0,'2018-08-17 13:43:59','2018-08-02 08:08:19','2018-08-18 09:29:18',0,NULL),(26,1,4026,6026,'Location-4026','xyz',0,'2018-08-18 03:59:07',NULL,0,'2018-08-17 13:43:59','2018-08-02 08:08:19','2018-08-18 09:29:18',0,NULL),(27,1,4027,6027,'Location-4027','xyz',0,'2018-08-18 03:59:07',NULL,0,'2018-08-17 13:43:59','2018-08-02 08:08:19','2018-08-18 09:29:18',0,NULL),(28,1,4028,6028,'Location-4028','xyz',0,'2018-08-18 03:59:07',NULL,0,'2018-08-17 13:43:59','2018-08-02 08:08:19','2018-08-18 09:29:18',0,NULL),(29,1,4029,6029,'Location-4029','xyz',0,'2018-08-18 03:59:07',NULL,0,'2018-08-17 13:43:59','2018-08-02 08:08:19','2018-08-18 09:29:18',0,NULL),(30,1,4030,6030,'Location-4030','xyz',0,'2018-08-18 03:59:07',NULL,0,'2018-08-17 13:43:59','2018-08-02 08:08:19','2018-08-18 09:29:18',0,NULL),(31,1,4031,6031,'Location-4031','xyz',0,'2018-08-18 03:59:07',NULL,0,'2018-08-17 13:43:59','2018-08-02 08:08:19','2018-08-18 09:29:18',0,NULL),(32,1,4032,6032,'Location-4032','xyz',0,'2018-08-18 03:59:07',NULL,0,'2018-08-17 13:43:59','2018-08-02 08:08:19','2018-08-18 09:29:18',0,NULL),(33,1,4033,6033,'Location-4033','xyz',0,'2018-08-18 03:59:07',NULL,0,'2018-08-17 13:43:59','2018-08-02 08:08:19','2018-08-18 09:29:18',0,NULL),(34,1,4034,6034,'Location-4034','xyz',0,'2018-08-18 03:59:07',NULL,0,'2018-08-17 13:43:59','2018-08-02 08:08:19','2018-08-18 09:29:18',0,NULL),(35,1,4035,6035,'Location-4035','xyz',0,'2018-08-18 03:59:07',NULL,0,'2018-08-17 13:43:59','2018-08-02 08:08:19','2018-08-18 09:29:18',0,NULL),(36,1,4036,6036,'Location-4036','xyz',0,'2018-08-18 03:59:07',NULL,0,'2018-08-17 13:43:59','2018-08-02 08:08:19','2018-08-18 09:29:18',0,NULL),(37,1,4037,6037,'Location-4037','xyz',0,'2018-08-18 03:59:07',NULL,0,'2018-08-17 13:43:59','2018-08-02 08:08:19','2018-08-18 09:29:18',0,NULL),(38,1,4038,6038,'Location-4038','xyz',0,'2018-08-18 03:59:07',NULL,0,'2018-08-17 13:43:59','2018-08-02 08:08:19','2018-08-18 09:29:18',0,NULL),(39,1,4039,6039,'Location-4039','xyz',0,'2018-08-18 03:59:07',NULL,0,'2018-08-17 13:43:59','2018-08-02 08:08:19','2018-08-18 09:29:18',0,NULL),(40,1,4040,6040,'Location-4040','xyz',0,'2018-08-18 03:59:07',NULL,0,'2018-08-17 13:43:59','2018-08-02 08:08:19','2018-08-18 09:29:18',0,NULL),(41,1,4041,6041,'Location-4041','xyz',0,'2018-08-18 03:59:07',NULL,0,'2018-08-17 13:43:59','2018-08-02 08:08:19','2018-08-18 09:29:18',0,NULL),(42,1,4042,6042,'Location-4042','xyz',0,'2018-08-18 03:59:07',NULL,0,'2018-08-17 13:43:59','2018-08-02 08:08:19','2018-08-18 09:29:18',0,NULL),(43,1,4043,6043,'Location-4043','xyz',0,'2018-08-18 03:59:07',NULL,0,'2018-08-17 13:43:59','2018-08-02 08:08:19','2018-08-18 09:29:18',0,NULL),(44,1,4044,6044,'Location-4044','xyz',0,'2018-08-18 03:59:07',NULL,0,'2018-08-17 13:43:59','2018-08-02 08:08:19','2018-08-18 09:29:18',0,NULL),(45,1,4045,6045,'Location-4045','xyz',0,'2018-08-18 03:59:07',NULL,0,'2018-08-17 13:43:59','2018-08-02 08:08:19','2018-08-18 09:29:18',0,NULL),(46,1,4046,6046,'Location-4046','xyz',0,'2018-08-18 03:59:07',NULL,0,'2018-08-17 13:43:59','2018-08-02 08:08:19','2018-08-18 09:29:18',0,NULL),(47,1,4047,6047,'Location-4047','xyz',0,'2018-08-18 03:59:07',NULL,0,'2018-08-17 13:43:59','2018-08-02 08:08:19','2018-08-18 09:29:18',0,NULL),(48,1,4048,6048,'Location-4048','xyz',0,'2018-08-18 03:59:07',NULL,0,'2018-08-17 13:43:59','2018-08-02 08:08:19','2018-08-18 09:29:18',0,NULL),(49,1,4049,6049,'Location-4049','xyz',0,'2018-08-18 03:59:07',NULL,0,'2018-08-17 13:43:59','2018-08-02 08:08:19','2018-08-18 09:29:18',0,NULL),(50,2,4050,6050,'Location-4050','xyz',0,'2018-08-18 03:59:07',NULL,0,'2018-08-17 13:43:59','2018-08-02 08:08:19','2018-08-18 09:29:18',0,NULL),(51,2,4051,6051,'Location-4051','xyz',0,'2018-08-18 03:59:07',NULL,0,'2018-08-17 13:43:59','2018-08-02 08:08:19','2018-08-18 09:29:18',0,NULL),(52,2,4052,6052,'Location-4052','xyz',0,'2018-08-18 03:59:07',NULL,0,'2018-08-17 13:43:59','2018-08-02 08:08:19','2018-08-18 09:29:18',0,NULL),(53,2,4053,6053,'Location-4053','xyz',0,'2018-08-18 03:59:07',NULL,0,'2018-08-17 13:43:59','2018-08-02 08:08:19','2018-08-18 09:29:18',0,NULL),(54,2,4054,6054,'Location-4054','xyz',0,'2018-08-18 03:59:07',NULL,0,'2018-08-17 13:43:59','2018-08-02 08:08:19','2018-08-18 09:29:18',0,NULL),(55,2,4055,6055,'Location-4055','xyz',0,'2018-08-18 03:59:07',NULL,0,'2018-08-17 13:43:59','2018-08-02 08:08:19','2018-08-18 09:29:18',0,NULL),(56,2,4056,6056,'Location-4056','xyz',0,'2018-08-18 03:59:07',NULL,0,'2018-08-17 13:43:59','2018-08-02 08:08:19','2018-08-18 09:29:18',0,NULL),(57,2,4057,6057,'Location-4057','xyz',0,'2018-08-18 03:59:07',NULL,0,'2018-08-17 13:43:59','2018-08-02 08:08:19','2018-08-18 09:29:18',0,NULL),(58,2,4058,6058,'Location-4058','xyz',0,'2018-08-18 03:59:07',NULL,0,'2018-08-17 13:43:59','2018-08-02 08:08:19','2018-08-18 09:29:18',0,NULL),(59,2,4059,6059,'Location-4059','xyz',0,'2018-08-18 03:59:07',NULL,0,'2018-08-17 13:43:59','2018-08-02 08:08:19','2018-08-18 09:29:18',0,NULL),(60,2,4060,6060,'Location-4060','xyz',0,'2018-08-18 03:59:07',NULL,0,'2018-08-17 13:43:59','2018-08-02 08:08:19','2018-08-18 09:29:18',0,NULL),(61,2,4061,6061,'Location-4061','xyz',0,'2018-08-18 03:59:07',NULL,0,'2018-08-17 13:43:59','2018-08-02 08:08:19','2018-08-18 09:29:18',0,NULL),(62,2,4062,6062,'Location-4062','xyz',0,'2018-08-18 03:59:07',NULL,0,'2018-08-17 13:43:59','2018-08-02 08:08:19','2018-08-18 09:29:18',0,NULL),(63,2,4063,6063,'Location-4063','xyz',0,'2018-08-18 03:59:07',NULL,0,'2018-08-17 13:43:59','2018-08-02 08:08:19','2018-08-18 09:29:18',0,NULL),(64,2,4064,6064,'Location-4064','xyz',0,'2018-08-18 03:59:07',NULL,0,'2018-08-17 13:43:59','2018-08-02 08:08:19','2018-08-18 09:29:18',0,NULL),(65,2,4065,6065,'Location-4065','xyz',0,'2018-08-18 03:59:07',NULL,0,'2018-08-17 13:43:59','2018-08-02 08:08:19','2018-08-18 09:29:18',0,NULL),(66,2,4066,6066,'Location-4066','xyz',0,'2018-08-18 03:59:07',NULL,0,'2018-08-17 13:43:59','2018-08-02 08:08:19','2018-08-18 09:29:18',0,NULL),(67,2,4067,6067,'Location-4067','xyz',0,'2018-08-18 03:59:07',NULL,0,'2018-08-17 13:43:59','2018-08-02 08:08:19','2018-08-18 09:29:18',0,NULL),(68,2,4068,6068,'Location-4068','xyz',0,'2018-08-18 03:59:07',NULL,0,'2018-08-02 04:33:00','2018-08-02 08:08:19','2018-08-18 09:29:18',0,NULL),(69,2,4069,6069,'Location-4069','xyz',0,'2018-08-18 03:59:07',NULL,0,'2018-08-02 04:33:00','2018-08-02 08:08:19','2018-08-18 09:29:18',0,NULL),(70,2,4070,6070,'Location-4070','xyz',0,'2018-08-18 03:59:07',NULL,0,'2018-08-02 04:33:00','2018-08-02 08:08:19','2018-08-18 09:29:18',0,NULL),(71,2,4071,6071,'Location-4071','xyz',0,'2018-08-18 03:59:07',NULL,0,'2018-07-25 14:17:16','2018-08-02 08:08:19','2018-08-18 09:29:18',0,NULL),(72,2,4072,6072,'Location-4072','xyz',0,'2018-08-18 03:59:07',NULL,0,'2018-07-30 03:53:19','2018-08-02 08:08:19','2018-08-18 09:29:18',0,NULL),(73,2,4073,6073,'Location-4073','xyz',0,'2018-08-18 03:59:07',NULL,0,'2018-08-02 04:33:00','2018-08-02 08:08:19','2018-08-18 09:29:18',0,NULL),(74,2,4074,6074,'Location-4074','xyz',0,'2018-08-18 03:59:07',NULL,0,'2018-08-02 04:33:00','2018-08-02 08:08:19','2018-08-18 09:29:18',0,NULL),(75,2,4075,6075,'Location-4075','xyz',0,'2018-08-18 03:59:07',NULL,0,'2018-08-02 04:33:00','2018-08-02 08:08:19','2018-08-18 09:29:18',0,NULL),(76,2,4076,6076,'Location-4076','xyz',0,'2018-08-18 03:59:07',NULL,0,'2018-07-25 08:45:07','2018-08-02 08:08:19','2018-08-18 09:29:18',0,NULL),(77,2,4077,6077,'Location-4077','xyz',0,'2018-08-18 03:59:07',NULL,0,'2018-08-02 04:33:00','2018-08-02 08:08:19','2018-08-18 09:29:18',0,NULL),(78,2,4078,6078,'Location-4078','xyz',0,'2018-08-18 03:59:07',NULL,0,'2018-08-02 04:33:00','2018-08-02 08:08:19','2018-08-18 09:29:18',0,NULL),(79,2,4079,6079,'Location-4079','xyz',0,'2018-08-18 03:59:07',NULL,0,'2018-07-29 08:02:09','2018-08-02 08:08:19','2018-08-18 09:29:18',0,NULL),(80,2,4080,6080,'Location-4080','xyz',0,'2018-08-18 03:59:07',NULL,0,'2018-07-30 01:10:21','2018-08-02 08:08:19','2018-08-18 09:29:18',0,NULL),(81,2,4081,6081,'Location-4081','xyz',0,'2018-08-18 03:59:07',NULL,0,'2018-08-02 04:33:00','2018-08-02 08:08:19','2018-08-18 09:29:18',0,NULL),(82,2,4082,6082,'Location-4082','xyz',0,'2018-08-18 03:59:07',NULL,0,'2018-08-02 04:33:00','2018-08-02 08:08:19','2018-08-18 09:29:18',0,NULL),(83,2,4083,6083,'Location-4083','xyz',0,'2018-08-18 03:59:07',NULL,0,'2018-07-31 04:47:41','2018-08-02 08:08:19','2018-08-18 09:29:18',0,NULL),(84,2,4084,6084,'Location-4084','xyz',0,'2018-08-18 03:59:07',NULL,0,'2018-08-02 04:33:00','2018-08-02 08:08:19','2018-08-18 09:29:18',0,NULL),(85,2,4085,6085,'Location-4085','xyz',0,'2018-08-18 03:59:07',NULL,0,'2018-08-02 04:33:00','2018-08-02 08:08:19','2018-08-18 09:29:18',0,NULL),(86,2,4086,6086,'Location-4086','xyz',0,'2018-08-18 03:59:07',NULL,0,'2018-07-26 14:03:26','2018-08-02 08:08:19','2018-08-18 09:29:18',0,NULL),(87,2,4087,6087,'Location-4087','xyz',0,'2018-08-18 03:59:07',NULL,0,'2018-07-29 03:51:55','2018-08-02 08:08:19','2018-08-18 09:29:18',0,NULL),(88,2,4088,6088,'Location-4088','xyz',0,'2018-08-18 03:59:07',NULL,0,'2018-08-02 04:33:00','2018-08-02 08:08:19','2018-08-18 09:29:18',0,NULL),(89,2,4089,6089,'Location-4089','xyz',0,'2018-08-18 03:59:07',NULL,0,'2018-07-27 13:15:42','2018-08-02 08:08:19','2018-08-18 09:29:18',0,NULL),(90,2,4090,6090,'Location-4090','xyz',0,'2018-08-18 03:59:07',NULL,0,'2018-08-02 04:33:00','2018-08-02 08:08:19','2018-08-18 09:29:18',0,NULL),(91,2,4091,6091,'Location-4091','xyz',0,'2018-08-18 03:59:07',NULL,0,'2018-08-02 04:33:00','2018-08-02 08:08:19','2018-08-18 09:29:18',0,NULL),(92,2,4092,6092,'Location-4092','xyz',0,'2018-08-18 03:59:07',NULL,0,'2018-08-02 04:33:00','2018-08-02 08:08:19','2018-08-18 09:29:18',0,NULL),(93,2,4093,6093,'Location-4093','xyz',0,'2018-08-18 03:59:07',NULL,0,'2018-07-28 10:59:00','2018-08-02 08:08:19','2018-08-18 09:29:18',0,NULL),(94,2,4094,6094,'Location-4094','xyz',0,'2018-08-18 03:59:07',NULL,0,'2018-08-02 04:33:00','2018-08-02 08:08:19','2018-08-18 09:29:18',0,NULL),(95,2,4095,6095,'Location-4095','xyz',0,'2018-08-18 03:59:07',NULL,0,'2018-07-25 08:24:10','2018-08-02 08:08:19','2018-08-18 09:29:18',0,NULL),(96,2,4096,6096,'Location-4096','xyz',0,'2018-08-18 03:59:07',NULL,0,'2018-07-26 09:15:26','2018-08-02 08:08:19','2018-08-18 09:29:18',0,NULL),(97,2,4097,6097,'Location-4097','xyz',0,'2018-08-18 03:59:07',NULL,0,'2018-07-31 02:57:36','2018-08-02 08:08:19','2018-08-18 09:29:18',0,NULL),(98,2,4098,6098,'Location-4098','xyz',0,'2018-08-18 03:59:07',NULL,0,'2018-08-02 04:33:00','2018-08-02 08:08:19','2018-08-18 09:29:18',0,NULL),(99,2,4099,6099,'Location-4099','xyz',0,'2018-08-18 03:59:07',NULL,0,'2018-07-31 04:11:15','2018-08-02 08:08:19','2018-08-18 09:29:18',0,NULL),(100,3,4100,6100,'Location-4100','xyz',0,'2018-08-18 03:59:07',NULL,0,'2018-07-25 00:20:48','2018-08-02 08:08:19','2018-08-18 09:29:18',0,NULL),(101,3,4101,6101,'Location-4101','xyz',0,'2018-08-18 03:59:07',NULL,0,'2018-07-31 02:51:01','2018-08-02 08:08:19','2018-08-18 09:29:18',0,NULL),(102,3,4102,6102,'Location-4102','xyz',0,'2018-08-18 03:59:07',NULL,0,'2018-07-30 03:22:05','2018-08-02 08:08:19','2018-08-18 09:29:18',0,NULL),(103,3,4103,6103,'Location-4103','xyz',0,'2018-08-18 03:59:07',NULL,0,'2018-07-26 03:08:29','2018-08-02 08:08:19','2018-08-18 09:29:18',0,NULL),(104,3,4104,6104,'Location-4104','xyz',0,'2018-08-18 03:59:07',NULL,0,'2018-07-27 06:22:12','2018-08-02 08:08:19','2018-08-18 09:29:18',0,NULL),(105,3,4105,6105,'Location-4105','xyz',0,'2018-08-18 03:59:07',NULL,0,'2018-07-26 00:01:03','2018-08-02 08:08:19','2018-08-18 09:29:18',0,NULL),(106,3,4106,6106,'Location-4106','xyz',0,'2018-08-18 03:59:07',NULL,0,'2018-07-27 16:47:08','2018-08-02 08:08:19','2018-08-18 09:29:18',0,NULL),(107,3,4107,6107,'Location-4107','xyz',0,'2018-08-18 03:59:07',NULL,0,'2018-07-31 16:59:03','2018-08-02 08:08:19','2018-08-18 09:29:18',0,NULL),(108,3,4108,6108,'Location-4108','xyz',0,'2018-08-18 03:59:07',NULL,0,'2018-07-26 15:23:14','2018-08-02 08:08:19','2018-08-18 09:29:18',0,NULL),(109,3,4109,6109,'Location-4109','xyz',0,'2018-08-18 03:59:07',NULL,0,'2018-07-25 06:48:30','2018-08-02 08:08:19','2018-08-18 09:29:18',0,NULL),(110,3,4110,6110,'Location-4110','xyz',0,'2018-08-18 03:59:07',NULL,0,'2018-08-02 04:33:00','2018-08-02 08:08:19','2018-08-18 09:29:18',0,NULL),(111,3,4111,6111,'Location-4111','xyz',0,'2018-08-18 03:59:07',NULL,0,'2018-07-29 09:51:26','2018-08-02 08:08:19','2018-08-18 09:29:18',0,NULL),(112,3,4112,6112,'Location-4112','xyz',0,'2018-08-18 03:59:07',NULL,0,'2018-07-30 04:07:47','2018-08-02 08:08:19','2018-08-18 09:29:18',0,NULL),(113,3,4113,6113,'Location-4113','xyz',0,'2018-08-18 03:59:07',NULL,0,'2018-08-02 04:33:00','2018-08-02 08:08:19','2018-08-18 09:29:18',0,NULL),(114,3,4114,6114,'Location-4114','xyz',0,'2018-08-18 03:59:07',NULL,0,'2018-08-02 04:33:00','2018-08-02 08:08:19','2018-08-18 09:29:18',0,NULL),(115,3,4115,6115,'Location-4115','xyz',0,'2018-08-18 03:59:07',NULL,0,'2018-07-25 18:11:25','2018-08-02 08:08:19','2018-08-18 09:29:18',0,NULL),(116,3,4116,6116,'Location-4116','xyz',0,'2018-08-18 03:59:07',NULL,0,'2018-07-31 18:28:53','2018-08-02 08:08:19','2018-08-18 09:29:18',0,NULL),(117,3,4117,6117,'Location-4117','xyz',0,'2018-08-18 03:59:07',NULL,0,'2018-07-28 09:38:16','2018-08-02 08:08:19','2018-08-18 09:29:18',0,NULL),(118,3,4118,6118,'Location-4118','xyz',0,'2018-08-18 03:59:07',NULL,0,'2018-08-02 04:33:00','2018-08-02 08:08:19','2018-08-18 09:29:18',0,NULL),(119,3,4119,6119,'Location-4119','xyz',0,'2018-08-18 03:59:07',NULL,0,'2018-08-02 04:33:00','2018-08-02 08:08:19','2018-08-18 09:29:18',0,NULL),(120,3,4120,6120,'Location-4120','xyz',0,'2018-08-18 03:59:07',NULL,0,'2018-07-30 11:36:43','2018-08-02 08:08:19','2018-08-18 09:29:18',0,NULL),(121,3,4121,6121,'Location-4121','xyz',0,'2018-08-18 03:59:07',NULL,0,'2018-08-02 04:33:00','2018-08-02 08:08:19','2018-08-18 09:29:18',0,NULL),(122,3,4122,6122,'Location-4122','xyz',0,'2018-08-18 03:59:07',NULL,0,'2018-07-29 10:09:55','2018-08-02 08:08:19','2018-08-18 09:29:18',0,NULL),(123,3,4123,6123,'Location-4123','xyz',0,'2018-08-18 03:59:07',NULL,0,'2018-08-02 04:33:00','2018-08-02 08:08:19','2018-08-18 09:29:18',0,NULL),(124,3,4124,6124,'Location-4124','xyz',0,'2018-08-18 03:59:07',NULL,0,'2018-08-02 04:33:00','2018-08-02 08:08:19','2018-08-18 09:29:18',0,NULL),(125,3,4125,6125,'Location-4125','xyz',0,'2018-08-18 03:59:07',NULL,0,'2018-07-25 21:43:19','2018-08-02 08:08:19','2018-08-18 09:29:18',0,NULL),(126,3,4126,6126,'Location-4126','xyz',0,'2018-08-18 03:59:07',NULL,0,'2018-07-27 14:59:09','2018-08-02 08:08:19','2018-08-18 09:29:18',0,NULL),(127,3,4127,6127,'Location-4127','xyz',0,'2018-08-18 03:59:07',NULL,0,'2018-07-30 11:00:22','2018-08-02 08:08:19','2018-08-18 09:29:18',0,NULL),(128,3,4128,6128,'Location-4128','xyz',0,'2018-08-18 03:59:07',NULL,0,'2018-08-02 04:33:00','2018-08-02 08:08:19','2018-08-18 09:29:18',0,NULL),(129,3,4129,6129,'Location-4129','xyz',0,'2018-08-18 03:59:07',NULL,0,'2018-08-02 04:33:00','2018-08-02 08:08:19','2018-08-18 09:29:18',0,NULL),(130,3,4130,6130,'Location-4130','xyz',0,'2018-08-18 03:59:07',NULL,0,'2018-07-31 16:30:29','2018-08-02 08:08:19','2018-08-18 09:29:18',0,NULL),(131,3,4131,6131,'Location-4131','xyz',0,'2018-08-18 03:59:07',NULL,0,'2018-08-02 04:33:00','2018-08-02 08:08:19','2018-08-18 09:29:18',0,NULL),(132,3,4132,6132,'Location-4132','xyz',0,'2018-08-18 03:59:07',NULL,0,'2018-08-02 04:33:00','2018-08-02 08:08:19','2018-08-18 09:29:18',0,NULL),(133,3,4133,6133,'Location-4133','xyz',0,'2018-08-18 03:59:07',NULL,0,'2018-07-25 12:04:49','2018-08-02 08:08:19','2018-08-18 09:29:18',0,NULL),(134,3,4134,6134,'Location-4134','xyz',0,'2018-08-18 03:59:07',NULL,0,'2018-07-27 00:29:09','2018-08-02 08:08:19','2018-08-18 09:29:18',0,NULL),(135,3,4135,6135,'Location-4135','xyz',0,'2018-08-18 03:59:07',NULL,0,'2018-07-30 16:47:02','2018-08-02 08:08:19','2018-08-18 09:29:18',0,NULL),(136,3,4136,6136,'Location-4136','xyz',0,'2018-08-18 03:59:07',NULL,0,'2018-08-02 04:33:00','2018-08-02 08:08:19','2018-08-18 09:29:18',0,NULL),(137,3,4137,6137,'Location-4137','xyz',0,'2018-08-18 03:59:07',NULL,0,'2018-07-26 03:38:52','2018-08-02 08:08:19','2018-08-18 09:29:18',0,NULL),(138,3,4138,6138,'Location-4138','xyz',0,'2018-08-18 03:59:07',NULL,0,'2018-08-02 04:33:00','2018-08-02 08:08:19','2018-08-18 09:29:18',0,NULL),(139,3,4139,6139,'Location-4139','xyz',0,'2018-08-18 03:59:07',NULL,0,'2018-07-30 18:23:03','2018-08-02 08:08:19','2018-08-18 09:29:18',0,NULL),(140,3,4140,6140,'Location-4140','xyz',0,'2018-08-18 03:59:07',NULL,0,'2018-07-30 19:46:48','2018-08-02 08:08:19','2018-08-18 09:29:18',0,NULL),(141,3,4141,6141,'Location-4141','xyz',0,'2018-08-18 03:59:07',NULL,0,'2018-08-02 04:33:00','2018-08-02 08:08:19','2018-08-18 09:29:18',0,NULL),(142,3,4142,6142,'Location-4142','xyz',0,'2018-08-18 03:59:07',NULL,0,'2018-07-25 00:09:45','2018-08-02 08:08:19','2018-08-18 09:29:18',0,NULL),(143,3,4143,6143,'Location-4143','xyz',0,'2018-08-18 03:59:07',NULL,0,'2018-07-26 02:27:43','2018-08-02 08:08:19','2018-08-18 09:29:18',0,NULL),(144,3,4144,6144,'Location-4144','xyz',0,'2018-08-18 03:59:07',NULL,0,'2018-08-02 04:33:00','2018-08-02 08:08:19','2018-08-18 09:29:18',0,NULL),(145,3,4145,6145,'Location-4145','xyz',0,'2018-08-18 03:59:07',NULL,0,'2018-07-27 10:40:32','2018-08-02 08:08:19','2018-08-18 09:29:18',0,NULL),(146,3,4146,6146,'Location-4146','xyz',0,'2018-08-18 03:59:07',NULL,0,'2018-07-28 22:44:19','2018-08-02 08:08:19','2018-08-18 09:29:18',0,NULL),(147,3,4147,6147,'Location-4147','xyz',0,'2018-08-18 03:59:07',NULL,0,'2018-07-25 13:12:35','2018-08-02 08:08:19','2018-08-18 09:29:18',0,NULL),(148,3,4148,6148,'Location-4148','xyz',0,'2018-08-18 03:59:07',NULL,0,'2018-07-29 01:48:05','2018-08-02 08:08:19','2018-08-18 09:29:18',0,NULL),(149,3,4149,6149,'Location-4149','xyz',0,'2018-08-18 03:59:07',NULL,0,'2018-07-31 19:09:08','2018-08-02 08:08:19','2018-08-18 09:29:18',0,NULL),(150,4,4150,6150,'Location-4150','xyz',0,'2018-08-18 03:59:07',NULL,0,'2018-07-26 10:14:35','2018-08-02 08:08:19','2018-08-18 09:29:18',0,NULL),(151,4,4151,6151,'Location-4151','xyz',0,'2018-08-18 03:59:07',NULL,0,'2018-07-30 17:54:34','2018-08-02 08:08:19','2018-08-18 09:29:18',0,NULL),(152,4,4152,6152,'Location-4152','xyz',0,'2018-08-18 03:59:07',NULL,0,'2018-07-29 03:39:20','2018-08-02 08:08:19','2018-08-18 09:29:18',0,NULL),(153,4,4153,6153,'Location-4153','xyz',0,'2018-08-18 03:59:07',NULL,0,'2018-07-29 11:34:24','2018-08-02 08:08:19','2018-08-18 09:29:18',0,NULL),(154,4,4154,6154,'Location-4154','xyz',0,'2018-08-18 03:59:07',NULL,0,'2018-07-31 19:49:03','2018-08-02 08:08:19','2018-08-18 09:29:18',0,NULL),(155,4,4155,6155,'Location-4155','xyz',0,'2018-08-18 03:59:07',NULL,0,'2018-08-02 04:33:00','2018-08-02 08:08:19','2018-08-18 09:29:18',0,NULL),(156,4,4156,6156,'Location-4156','xyz',0,'2018-08-18 03:59:07',NULL,0,'2018-07-27 22:34:58','2018-08-02 08:08:19','2018-08-18 09:29:18',0,NULL),(157,4,4157,6157,'Location-4157','xyz',0,'2018-08-18 03:59:07',NULL,0,'2018-08-02 04:33:00','2018-08-02 08:08:19','2018-08-18 09:29:18',0,NULL),(158,4,4158,6158,'Location-4158','xyz',0,'2018-08-18 03:59:07',NULL,0,'2018-07-28 16:57:20','2018-08-02 08:08:19','2018-08-18 09:29:18',0,NULL),(159,4,4159,6159,'Location-4159','xyz',0,'2018-08-18 03:59:07',NULL,0,'2018-08-02 04:33:00','2018-08-02 08:08:19','2018-08-18 09:29:18',0,NULL),(160,4,4160,6160,'Location-4160','xyz',0,'2018-08-18 03:59:07',NULL,0,'2018-07-26 14:26:43','2018-08-02 08:08:19','2018-08-18 09:29:18',0,NULL),(161,4,4161,6161,'Location-4161','xyz',0,'2018-08-18 03:59:07',NULL,0,'2018-07-30 09:59:50','2018-08-02 08:08:19','2018-08-18 09:29:18',0,NULL),(162,4,4162,6162,'Location-4162','xyz',0,'2018-08-18 03:59:07',NULL,0,'2018-07-25 04:19:18','2018-08-02 08:08:19','2018-08-18 09:29:18',0,NULL),(163,4,4163,6163,'Location-4163','xyz',0,'2018-08-18 03:59:07',NULL,0,'2018-08-02 04:33:00','2018-08-02 08:08:19','2018-08-18 09:29:18',0,NULL),(164,4,4164,6164,'Location-4164','xyz',0,'2018-08-18 03:59:07',NULL,0,'2018-07-30 01:01:20','2018-08-02 08:08:19','2018-08-18 09:29:18',0,NULL),(165,4,4165,6165,'Location-4165','xyz',0,'2018-08-18 03:59:07',NULL,0,'2018-07-29 22:54:26','2018-08-02 08:08:19','2018-08-18 09:29:18',0,NULL),(166,4,4166,6166,'Location-4166','xyz',0,'2018-08-18 03:59:07',NULL,0,'2018-08-02 04:33:00','2018-08-02 08:08:19','2018-08-18 09:29:18',0,NULL),(167,4,4167,6167,'Location-4167','xyz',0,'2018-08-18 03:59:07',NULL,0,'2018-07-29 13:08:25','2018-08-02 08:08:19','2018-08-18 09:29:18',0,NULL),(168,4,4168,6168,'Location-4168','xyz',0,'2018-08-18 03:59:07',NULL,0,'2018-08-02 04:33:00','2018-08-02 08:08:19','2018-08-18 09:29:18',0,NULL),(169,4,4169,6169,'Location-4169','xyz',0,'2018-08-18 03:59:07',NULL,0,'2018-08-02 04:33:00','2018-08-02 08:08:19','2018-08-18 09:29:18',0,NULL),(170,4,4170,6170,'Location-4170','xyz',0,'2018-08-18 03:59:07',NULL,0,'2018-07-28 14:42:13','2018-08-02 08:08:19','2018-08-18 09:29:18',0,NULL),(171,4,4171,6171,'Location-4171','xyz',0,'2018-08-18 03:59:07',NULL,0,'2018-08-02 04:33:00','2018-08-02 08:08:19','2018-08-18 09:29:18',0,NULL),(172,4,4172,6172,'Location-4172','xyz',0,'2018-08-18 03:59:07',NULL,0,'2018-07-30 13:48:29','2018-08-02 08:08:19','2018-08-18 09:29:18',0,NULL),(173,4,4173,6173,'Location-4173','xyz',0,'2018-08-18 03:59:07',NULL,0,'2018-08-02 04:33:00','2018-08-02 08:08:19','2018-08-18 09:29:18',0,NULL),(174,4,4174,6174,'Location-4174','xyz',0,'2018-08-18 03:59:07',NULL,0,'2018-08-02 04:33:00','2018-08-02 08:08:19','2018-08-18 09:29:18',0,NULL),(175,4,4175,6175,'Location-4175','xyz',0,'2018-08-18 03:59:07',NULL,0,'2018-08-02 04:33:00','2018-08-02 08:08:19','2018-08-18 09:29:18',0,NULL),(176,4,4176,6176,'Location-4176','xyz',0,'2018-08-18 03:59:07',NULL,0,'2018-08-02 04:33:00','2018-08-02 08:08:19','2018-08-18 09:29:18',0,NULL),(177,4,4177,6177,'Location-4177','xyz',0,'2018-08-18 03:59:07',NULL,0,'2018-08-02 04:33:00','2018-08-02 08:08:19','2018-08-18 09:29:18',0,NULL),(178,4,4178,6178,'Location-4178','xyz',0,'2018-08-18 03:59:07',NULL,0,'2018-07-26 03:08:07','2018-08-02 08:08:19','2018-08-18 09:29:18',0,NULL),(179,4,4179,6179,'Location-4179','xyz',0,'2018-08-18 03:59:07',NULL,0,'2018-08-02 04:33:00','2018-08-02 08:08:19','2018-08-18 09:29:18',0,NULL),(180,4,4180,6180,'Location-4180','xyz',0,'2018-08-18 03:59:07',NULL,0,'2018-08-02 04:33:00','2018-08-02 08:08:19','2018-08-18 09:29:18',0,NULL),(181,4,4181,6181,'Location-4181','xyz',0,'2018-08-18 03:59:07',NULL,0,'2018-07-30 08:45:37','2018-08-02 08:08:19','2018-08-18 09:29:18',0,NULL),(182,4,4182,6182,'Location-4182','xyz',0,'2018-08-18 03:59:07',NULL,0,'2018-07-28 10:30:48','2018-08-02 08:08:19','2018-08-18 09:29:18',0,NULL),(183,4,4183,6183,'Location-4183','xyz',0,'2018-08-18 03:59:07',NULL,0,'2018-07-27 13:08:08','2018-08-02 08:08:19','2018-08-18 09:29:18',0,NULL),(184,4,4184,6184,'Location-4184','xyz',0,'2018-08-18 03:59:07',NULL,0,'2018-07-30 05:05:19','2018-08-02 08:08:19','2018-08-18 09:29:18',0,NULL),(185,4,4185,6185,'Location-4185','xyz',0,'2018-08-18 03:59:07',NULL,0,'2018-07-29 14:08:19','2018-08-02 08:08:19','2018-08-18 09:29:18',0,NULL),(186,4,4186,6186,'Location-4186','xyz',0,'2018-08-18 03:59:07',NULL,0,'2018-08-02 04:33:00','2018-08-02 08:08:19','2018-08-18 09:29:18',0,NULL),(187,4,4187,6187,'Location-4187','xyz',0,'2018-08-18 03:59:07',NULL,0,'2018-08-02 04:33:00','2018-08-02 08:08:19','2018-08-18 09:29:18',0,NULL),(188,4,4188,6188,'Location-4188','xyz',0,'2018-08-18 03:59:07',NULL,0,'2018-07-30 13:15:01','2018-08-02 08:08:19','2018-08-18 09:29:18',0,NULL),(189,4,4189,6189,'Location-4189','xyz',0,'2018-08-18 03:59:07',NULL,0,'2018-07-28 19:41:09','2018-08-02 08:08:19','2018-08-18 09:29:18',0,NULL),(190,4,4190,6190,'Location-4190','xyz',0,'2018-08-18 03:59:07',NULL,0,'2018-07-28 07:04:57','2018-08-02 08:08:19','2018-08-18 09:29:18',0,NULL),(191,4,4191,6191,'Location-4191','xyz',0,'2018-08-18 03:59:07',NULL,0,'2018-08-02 04:33:00','2018-08-02 08:08:19','2018-08-18 09:29:18',0,NULL),(192,4,4192,6192,'Location-4192','xyz',0,'2018-08-18 03:59:07',NULL,0,'2018-07-27 13:17:05','2018-08-02 08:08:19','2018-08-18 09:29:18',0,NULL),(193,4,4193,6193,'Location-4193','xyz',0,'2018-08-18 03:59:07',NULL,0,'2018-08-02 04:33:00','2018-08-02 08:08:19','2018-08-18 09:29:18',0,NULL),(194,4,4194,6194,'Location-4194','xyz',0,'2018-08-18 03:59:07',NULL,0,'2018-07-26 07:34:28','2018-08-02 08:08:19','2018-08-18 09:29:18',0,NULL),(195,4,4195,6195,'Location-4195','xyz',0,'2018-08-18 03:59:07',NULL,0,'2018-08-02 04:33:00','2018-08-02 08:08:19','2018-08-18 09:29:18',0,NULL),(196,4,4196,6196,'Location-4196','xyz',0,'2018-08-18 03:59:07',NULL,0,'2018-08-02 04:33:00','2018-08-02 08:08:19','2018-08-18 09:29:18',0,NULL),(197,4,4197,6197,'Location-4197','xyz',0,'2018-08-18 03:59:07',NULL,0,'2018-07-25 07:30:37','2018-08-02 08:08:19','2018-08-18 09:29:18',0,NULL),(198,4,4198,6198,'Location-4198','xyz',0,'2018-08-18 03:59:07',NULL,0,'2018-07-27 02:10:22','2018-08-02 08:08:19','2018-08-18 09:29:18',0,NULL),(199,4,4199,6199,'Location-4199','xyz',0,'2018-08-18 03:59:07',NULL,0,'2018-08-02 04:33:00','2018-08-02 08:08:19','2018-08-18 09:29:18',0,NULL),(201,4,4200,0,'Location 4200',NULL,0,'2018-08-18 03:59:07',NULL,0,NULL,'2018-08-03 08:55:52','2018-08-18 09:29:18',0,NULL),(202,4,4201,NULL,'Location 4201',NULL,1,'2018-08-18 03:59:07',NULL,0,NULL,'2018-08-03 09:10:42','2018-08-18 09:29:07',0,NULL),(203,4,4202,6202,'Location 4202',NULL,0,'2018-08-18 03:59:07',NULL,0,NULL,'2018-08-03 09:15:02','2018-08-18 09:29:18',0,NULL),(204,4,4205,6205,'Location 4205','test',0,'2018-08-18 03:59:07',NULL,0,NULL,'2018-08-03 09:17:25','2018-08-18 09:29:18',0,NULL),(206,4,4206,6206,'Location 4206','test',0,'2018-08-18 03:59:07',NULL,0,NULL,'2018-08-03 09:44:47','2018-08-18 09:29:18',0,NULL),(207,4,4230,6230,'L 4230','test',0,'2018-08-18 03:59:07',NULL,0,NULL,'2018-08-03 09:50:44','2018-08-18 09:29:18',0,NULL),(208,4,4231,6231,'L 4231','test',0,'2018-08-18 03:59:07',NULL,0,NULL,'2018-08-03 09:52:11','2018-08-18 09:29:18',0,NULL),(210,4,4232,6232,'L 4232','test',0,'2018-08-18 03:59:07',NULL,0,NULL,'2018-08-03 09:59:11','2018-08-18 09:29:18',0,NULL),(211,4,4233,6233,'L 4233','test',0,'2018-08-18 03:59:07',NULL,0,NULL,'2018-08-03 09:59:45','2018-08-18 09:29:18',0,NULL),(212,4,4234,6234,'L 4234','tst tst',0,'2018-08-18 03:59:07',NULL,0,NULL,'2018-08-03 10:03:09','2018-08-18 09:29:18',0,NULL),(213,4,4235,6235,'L 6235','test',0,'2018-08-18 03:59:07',NULL,0,NULL,'2018-08-03 10:05:23','2018-08-18 09:29:18',0,NULL),(214,4,4236,6236,'L 6236','test',0,'2018-08-18 03:59:07',NULL,0,NULL,'2018-08-03 10:09:19','2018-08-18 09:29:18',0,NULL),(215,4,4237,6237,'Location 4237','test',0,'2018-08-18 03:59:07',NULL,0,NULL,'2018-08-03 10:10:39','2018-08-18 09:29:18',0,NULL),(216,4,4238,6238,'L 6238','test',0,'2018-08-18 03:59:07',NULL,0,NULL,'2018-08-03 10:14:47','2018-08-18 09:29:18',0,NULL),(217,4,4240,6240,'Loc 4240','test',0,'2018-08-18 03:59:07',NULL,0,NULL,'2018-08-03 10:25:44','2018-08-18 09:29:18',0,NULL),(218,4,4241,6241,'L 4241','tet',0,'2018-08-18 03:59:07',NULL,0,NULL,'2018-08-03 10:27:20','2018-08-18 09:29:18',0,NULL),(219,4,4250,6250,'L 4250','',0,'2018-08-18 03:59:07',NULL,0,NULL,'2018-08-03 10:31:53','2018-08-18 09:29:18',0,NULL),(220,4,4252,6252,'Loc 6252','test',0,'2018-08-18 03:59:07',NULL,0,NULL,'2018-08-03 10:35:54','2018-08-18 09:29:18',0,NULL),(221,3,4254,6254,'L 6254','test',0,'2018-08-18 03:59:07',NULL,0,NULL,'2018-08-03 10:38:04','2018-08-18 09:29:18',0,NULL),(222,2,4256,6256,'L 6256','testing ',0,'2018-08-18 03:59:07',NULL,0,NULL,'2018-08-03 10:40:05','2018-08-18 09:29:18',0,NULL),(223,2,5257,6257,'L 5257','yrdy',0,'2018-08-18 03:59:07',NULL,0,NULL,'2018-08-03 10:42:02','2018-08-18 09:29:18',0,NULL),(224,1,6754,687856,'L 6754','yrtrt',0,'2018-08-18 03:59:07',NULL,0,NULL,'2018-08-03 10:46:14','2018-08-18 09:29:18',0,NULL),(225,1,8298,48574857,'L 4545','',0,'2018-08-18 03:59:07',NULL,0,NULL,'2018-08-03 10:54:23','2018-08-18 09:29:18',0,NULL),(226,1,5445,5454,'4545','4545',0,'2018-08-18 03:59:07',NULL,0,NULL,'2018-08-03 10:55:04','2018-08-18 09:29:18',0,NULL),(227,1,8990,6990,'l 8990','Chk comment',0,'2018-08-18 03:59:07',NULL,0,NULL,'2018-08-03 11:12:47','2018-08-18 09:29:18',0,NULL),(228,1,8976,55463546,'556','',0,'2018-08-18 03:59:07',NULL,0,NULL,'2018-08-03 11:14:50','2018-08-18 09:29:18',0,NULL),(229,1,8923,69823,'','',0,'2018-08-18 03:59:07',NULL,0,NULL,'2018-08-03 11:15:17','2018-08-18 09:29:18',0,NULL),(230,1,11111,22222,'Loction 11111','Test without resident',0,'2018-08-18 03:59:07',NULL,0,NULL,'2018-08-03 11:26:46','2018-08-18 09:29:18',0,NULL),(231,2,33333,12121,'Loction 33333','test without resident',0,'2018-08-18 03:59:07',NULL,0,NULL,'2018-08-03 11:27:26','2018-08-18 09:29:18',0,NULL),(232,1,44444,111111,'334','3434',0,'2018-08-18 03:59:07',NULL,0,NULL,'2018-08-03 11:28:14','2018-08-18 09:29:18',0,NULL),(233,1,555555,666666,'Location 555555','555555',0,'2018-08-18 03:59:07',NULL,0,NULL,'2018-08-03 11:29:33','2018-08-18 09:29:18',0,NULL),(234,1,131313,141414,'L 131313','test',0,'2018-08-18 03:59:07',NULL,0,NULL,'2018-08-03 11:31:11','2018-08-18 09:29:18',0,NULL),(235,1,128912,3434,'','',0,'2018-08-18 03:59:07',NULL,0,NULL,'2018-08-03 13:10:11','2018-08-18 09:29:18',0,NULL),(238,1,451245,561256,'','',0,'2018-08-18 03:59:07',NULL,0,NULL,'2018-08-03 13:20:46','2018-08-18 09:29:18',0,NULL),(239,2,321098,231456,'','',0,'2018-08-18 03:59:07',NULL,0,NULL,'2018-08-03 13:21:30','2018-08-18 09:29:18',0,NULL),(240,2,45454623,565656,'','',0,'2018-08-18 03:59:07',NULL,0,NULL,'2018-08-03 13:33:42','2018-08-18 09:29:18',0,NULL),(241,1,564565646,56456,'','',0,'2018-08-18 03:59:07',NULL,0,NULL,'2018-08-03 13:39:17','2018-08-18 09:29:18',0,NULL),(242,1,1290,3210,'','',0,'2018-08-18 03:59:07',NULL,0,NULL,'2018-08-03 13:40:58','2018-08-18 09:29:18',0,NULL),(243,1,123112,111,'','',0,'2018-08-18 03:59:07',NULL,0,NULL,'2018-08-03 13:42:36','2018-08-18 09:29:18',0,NULL),(244,1,656456,4353,'','',0,'2018-08-18 03:59:07',NULL,0,NULL,'2018-08-03 13:43:28','2018-08-18 09:29:18',0,NULL),(245,1,1256,324,'','',0,'2018-08-18 03:59:07',NULL,0,NULL,'2018-08-03 13:45:13','2018-08-18 09:29:18',0,NULL),(246,1,6712,4567,'','',0,'2018-08-18 03:59:07',NULL,0,NULL,'2018-08-03 13:46:01','2018-08-18 09:29:18',0,NULL),(247,1,459012,559012,'Location 459012','Test modal closure',0,'2018-08-18 03:59:07',NULL,0,NULL,'2018-08-03 13:46:53','2018-08-18 09:29:18',0,NULL),(248,1,654312,734512,'Loc 654312','testing another modal closure',0,'2018-08-18 03:59:07',NULL,0,NULL,'2018-08-03 13:47:53','2018-08-18 09:29:18',0,NULL),(249,1,219034,343,'219034','test 3 modal closure',0,'2018-08-18 03:59:07',NULL,0,NULL,'2018-08-03 13:49:03','2018-08-18 09:29:18',0,NULL),(250,1,326732,4545,'Location 4200','',0,'2018-08-18 03:59:07',NULL,0,NULL,'2018-08-03 13:51:55','2018-08-18 09:29:18',0,NULL),(251,1,7812,8912,'Location-4008','',0,'2018-08-18 03:59:07',NULL,0,NULL,'2018-08-03 13:52:41','2018-08-18 09:29:18',0,NULL),(252,1,436789,121219,'Location 436789','Testing add before update; another update',0,'2018-08-18 03:59:07',NULL,0,NULL,'2018-08-03 14:22:46','2018-08-18 09:29:18',0,NULL),(253,1,909090,808080,'Location 909090','909090 comment update',0,'2018-08-18 03:59:07',NULL,0,NULL,'2018-08-03 14:30:03','2018-08-18 09:29:18',0,NULL),(254,1,888999,999888,'Location 888999','Testing Add',0,'2018-08-18 03:59:07',NULL,0,NULL,'2018-08-06 11:50:08','2018-08-18 09:29:18',0,NULL),(255,1,777888,888777,'Location 777888','test',0,'2018-08-18 03:59:07',NULL,0,NULL,'2018-08-06 11:54:49','2018-08-18 09:29:18',0,NULL),(256,1,666777,777666,'Location 666777','test',0,'2018-08-18 03:59:07',NULL,0,NULL,'2018-08-06 11:58:26','2018-08-18 09:29:18',0,NULL),(257,1,444111,111444,'L 444111','test',0,'2018-08-18 03:59:07',NULL,0,'2018-08-12 13:26:16','2018-08-06 12:04:12','2018-08-18 09:29:18',0,NULL),(258,1,122133,122133,'L 122133','test',0,'2018-08-18 03:59:07',NULL,0,NULL,'2018-08-06 12:05:07','2018-08-18 09:29:18',0,NULL),(259,1,122135,122135,'L 122135','test',0,'2018-08-18 03:59:07',NULL,0,NULL,'2018-08-06 12:08:52','2018-08-18 09:29:18',0,NULL),(260,1,122136,122136,'Location-4001 new name','test',0,'2018-08-18 03:59:07',NULL,0,NULL,'2018-08-06 12:09:39','2018-08-18 09:29:18',0,NULL),(261,1,122137,122137,'Location-4001 new name','e',0,'2018-08-18 03:59:07',NULL,0,NULL,'2018-08-06 12:11:31','2018-08-18 09:29:18',0,NULL),(262,1,123131,123131,'L 123131','test',0,'2018-08-18 03:59:07',NULL,0,NULL,'2018-08-06 12:48:26','2018-08-18 09:29:18',0,NULL),(263,1,123134,123134,'','test',0,'2018-08-18 03:59:07',NULL,0,NULL,'2018-08-06 12:53:12','2018-08-18 09:29:18',0,NULL),(264,1,123156,123156,'','',0,'2018-08-18 03:59:07',NULL,0,NULL,'2018-08-06 12:53:53','2018-08-18 09:29:18',0,NULL),(265,1,123157,123157,'L 123157','Test',0,'2018-08-18 03:59:07',NULL,0,NULL,'2018-08-06 12:56:57','2018-08-18 09:29:18',0,NULL),(266,1,123158,123158,'L 123158','test',0,'2018-08-18 03:59:07',NULL,0,NULL,'2018-08-06 12:57:34','2018-08-18 09:29:18',0,NULL),(267,1,123159,213159,'L 123159','test',0,'2018-08-18 03:59:07',NULL,0,NULL,'2018-08-06 12:58:43','2018-08-18 09:29:18',0,NULL),(268,1,124131,124131,'L 124131','rwr',0,'2018-08-18 03:59:07',NULL,0,NULL,'2018-08-06 13:01:00','2018-08-18 09:29:18',0,NULL),(269,1,124134,124134,'L 124134','test',0,'2018-08-18 03:59:07',NULL,0,NULL,'2018-08-06 13:01:57','2018-08-18 09:29:18',0,NULL),(271,1,135111,135111,'L 135111','Test',0,'2018-08-18 03:59:07',NULL,0,NULL,'2018-08-06 13:23:14','2018-08-18 09:29:18',0,NULL),(272,1,135112,135112,'L 135112','test',0,'2018-08-18 03:59:07',NULL,0,NULL,'2018-08-06 13:30:10','2018-08-18 09:29:18',0,NULL),(273,1,135113,135113,'Location 135113','test',0,'2018-08-18 03:59:07',NULL,0,NULL,'2018-08-06 13:56:58','2018-08-18 09:29:18',0,NULL),(274,1,135115,135115,'Location 135115','test',0,'2018-08-18 03:59:07',NULL,0,NULL,'2018-08-06 14:00:51','2018-08-18 09:29:18',0,NULL),(275,1,135116,135116,'L 135116','test',0,'2018-08-18 03:59:07',NULL,0,NULL,'2018-08-06 14:05:25','2018-08-18 09:29:18',0,NULL),(276,1,135117,135117,'L 135117','test',0,'2018-08-18 03:59:07',NULL,0,NULL,'2018-08-06 14:10:40','2018-08-18 09:29:18',0,NULL),(277,1,135118,135118,'L 135118','test',0,'2018-08-18 03:59:07',NULL,0,NULL,'2018-08-06 14:15:46','2018-08-18 09:29:18',0,NULL),(278,1,135119,135119,'L 135119','test',0,'2018-08-18 03:59:07',NULL,0,NULL,'2018-08-06 14:19:14','2018-08-18 09:29:18',0,NULL),(279,1,113120,113120,'L 113120','test',0,'2018-08-18 03:59:07',NULL,0,NULL,'2018-08-06 14:26:41','2018-08-18 09:29:18',0,NULL),(280,1,113190,112190,'L 113190','test',0,'2018-08-18 03:59:07',NULL,0,NULL,'2018-08-06 14:29:12','2018-08-18 09:29:18',0,NULL),(281,1,113191,113191,'','',0,'2018-08-18 03:59:07',NULL,0,NULL,'2018-08-06 14:34:00','2018-08-18 09:29:18',0,NULL),(282,1,113193,113193,'','',0,'2018-08-18 03:59:07',NULL,0,NULL,'2018-08-06 14:35:26','2018-08-18 09:29:18',0,NULL),(283,1,113199,113199,'','',0,'2018-08-18 03:59:07',NULL,0,NULL,'2018-08-06 14:38:49','2018-08-18 09:29:18',0,NULL),(284,1,113200,113200,'Location 113200','test',0,'2018-08-18 03:59:07',NULL,0,NULL,'2018-08-06 14:43:00','2018-08-18 09:29:18',0,NULL),(285,1,113201,113201,'L 113201','',0,'2018-08-18 03:59:07',NULL,0,NULL,'2018-08-06 14:49:05','2018-08-18 09:29:18',0,NULL),(286,1,113211,113211,'','',0,'2018-08-18 03:59:07',NULL,0,NULL,'2018-08-06 14:52:17','2018-08-18 09:29:18',0,NULL),(287,1,114201,114201,'Location 114201','test',0,'2018-08-18 03:59:07',NULL,0,NULL,'2018-08-06 15:51:29','2018-08-18 09:29:18',0,NULL),(288,1,114202,114202,'L 114202','test',0,'2018-08-18 03:59:07',NULL,0,NULL,'2018-08-06 15:55:12','2018-08-18 09:29:18',0,NULL),(289,1,114203,114203,'114203','testtest',0,'2018-08-18 03:59:07',NULL,0,NULL,'2018-08-06 15:57:09','2018-08-18 09:29:18',0,NULL),(290,1,114204,114204,'','',0,'2018-08-18 03:59:07',NULL,0,NULL,'2018-08-06 15:58:21','2018-08-18 09:29:18',0,NULL),(291,1,114209,114209,'114209','test',0,'2018-08-18 03:59:07',NULL,0,NULL,'2018-08-06 15:59:47','2018-08-18 09:29:18',0,NULL),(292,1,114210,114210,'114210','test',0,'2018-08-18 03:59:07',NULL,0,NULL,'2018-08-06 16:01:31','2018-08-18 09:29:18',0,NULL),(293,1,114211,114211,'114211','',0,'2018-08-18 03:59:07',NULL,0,NULL,'2018-08-06 16:03:34','2018-08-18 09:29:18',0,NULL),(294,1,114216,114216,'','',0,'2018-08-18 03:59:07',NULL,0,NULL,'2018-08-06 16:07:39','2018-08-18 09:29:18',0,NULL);
/*!40000 ALTER TABLE `location` ENABLE KEYS */;
UNLOCK TABLES;
/*!50003 SET @saved_cs_client      = @@character_set_client */ ;
/*!50003 SET @saved_cs_results     = @@character_set_results */ ;
/*!50003 SET @saved_col_connection = @@collation_connection */ ;
/*!50003 SET character_set_client  = latin1 */ ;
/*!50003 SET character_set_results = latin1 */ ;
/*!50003 SET collation_connection  = latin1_swedish_ci */ ;
/*!50003 SET @saved_sql_mode       = @@sql_mode */ ;
/*!50003 SET sql_mode              = 'STRICT_ALL_TABLES,NO_ZERO_IN_DATE,NO_ZERO_DATE,ERROR_FOR_DIVISION_BY_ZERO,NO_AUTO_CREATE_USER' */ ;
DELIMITER ;;
/*!50003 CREATE*/ /*!50017 DEFINER=`root`@`localhost`*/ /*!50003 TRIGGER before_location_update 
                            BEFORE UPDATE ON location FOR EACH ROW 
                        BEGIN
                          IF (NEW.lastAlarm = 1) THEN
                            -- NEW.closeAlertTime > one minute back means, it is within one minute range; 
                            -- if less, age is more than a minute and set alertMe=1 again because fire alarm is still active (NEW.lastAlarm=1)
                                SET NEW.lastAlarmTime = CURRENT_TIMESTAMP, NEW.alertMe=IF(NEW.closeAlertTime = NULL, 1, 
                                    IF(NEW.closeAlertTime > DATE_SUB(NOW(),INTERVAL (SELECT popupTimer FROM hootusX.apptimers WHERE id=1) SECOND),0,1));
                            END IF;
                            IF (NEW.lastAlarm = 0) THEN 
                                SET NEW.alertMe = 0, NEW.closeAlertTime = NULL;
                            END IF;
                            IF (NEW.lastAlarm != OLD.lastAlarm) THEN
                              IF (NEW.lastAlarm = 1) THEN 
                                INSERT INTO alarmhistory
                                SET  location_id = OLD.id,
                                   alarmON = 1,
                                           alarmOnTime = CURRENT_TIMESTAMP;
                                END IF;
                                  IF (NEW.lastAlarm = 0) THEN 
                                UPDATE alarmhistory
                                SET  alarmOFF = 1,
                                           alarmOFFTime = CURRENT_TIMESTAMP
                                WHERE location_id = OLD.id AND alarmON = 1 AND alarmONTime IS NOT NULL AND alarmOFFTime IS NULL;
                                END IF;
                            END IF;
                            IF (OLD.status = 1 AND NEW.status = 0) THEN
                              INSERT INTO downhistory
                              SET  location_id = OLD.id;
                            END IF;
                          END */;;
DELIMITER ;
/*!50003 SET sql_mode              = @saved_sql_mode */ ;
/*!50003 SET character_set_client  = @saved_cs_client */ ;
/*!50003 SET character_set_results = @saved_cs_results */ ;
/*!50003 SET collation_connection  = @saved_col_connection */ ;

--
-- Table structure for table `locationresident`
--

DROP TABLE IF EXISTS `locationresident`;
/*!40101 SET @saved_cs_client     = @@character_set_client */;
/*!40101 SET character_set_client = utf8 */;
CREATE TABLE `locationresident` (
  `id` int(11) NOT NULL AUTO_INCREMENT,
  `location_id` int(11) NOT NULL,
  `resident_id` int(11) NOT NULL,
  `residentChkIn` datetime DEFAULT CURRENT_TIMESTAMP,
  `plannedChkOut` datetime DEFAULT NULL,
  `actualChkOut` datetime DEFAULT NULL,
  `currentResident` tinyint(1) DEFAULT '1',
  `comment` text COLLATE utf8mb4_unicode_ci,
  `created` datetime DEFAULT CURRENT_TIMESTAMP,
  `updated` datetime DEFAULT NULL ON UPDATE CURRENT_TIMESTAMP,
  `alertMe` tinyint(1) DEFAULT '1',
  PRIMARY KEY (`id`),
  KEY `locationPK` (`location_id`),
  KEY `residentPK` (`resident_id`),
  CONSTRAINT `locationPK` FOREIGN KEY (`location_id`) REFERENCES `location` (`id`),
  CONSTRAINT `residentPK` FOREIGN KEY (`resident_id`) REFERENCES `resident` (`id`)
) ENGINE=InnoDB AUTO_INCREMENT=290 DEFAULT CHARSET=utf8mb4 COLLATE=utf8mb4_unicode_ci;
/*!40101 SET character_set_client = @saved_cs_client */;

--
-- Dumping data for table `locationresident`
--

LOCK TABLES `locationresident` WRITE;
/*!40000 ALTER TABLE `locationresident` DISABLE KEYS */;
INSERT INTO `locationresident` VALUES (1,1,1,'2018-06-23 17:52:43','2018-12-11 03:10:53','2018-08-06 15:53:51',0,'Chk the primary contact number','2018-08-02 08:43:54','2018-08-06 15:53:51',1),(2,2,2,'2018-06-15 23:09:28','2019-03-23 01:15:06',NULL,1,'train the resident on no-smoking areas','2018-08-02 08:43:54',NULL,1),(3,3,3,'2018-05-15 07:47:16','2019-02-20 08:47:11',NULL,1,'resident to pay some money','2018-08-02 08:43:54',NULL,1),(4,4,4,'2018-06-21 04:52:22','2019-03-21 06:52:31',NULL,1,'','2018-08-02 08:43:54',NULL,1),(5,5,5,'2018-06-15 23:50:03','2019-01-30 10:36:20',NULL,1,'','2018-08-02 08:43:54',NULL,1),(6,6,6,'2018-05-27 04:13:20','2019-01-29 07:26:43',NULL,1,'','2018-08-02 08:43:54',NULL,1),(7,7,7,'2018-07-28 14:33:48','2018-12-14 21:42:07',NULL,1,'','2018-08-02 08:43:54',NULL,1),(8,8,8,'2018-07-16 03:31:36','2019-03-20 06:13:15',NULL,1,'','2018-08-02 08:43:54',NULL,1),(9,9,9,'2018-07-20 10:24:06','2019-03-21 07:37:41','2018-08-06 12:31:56',0,'','2018-08-02 08:43:54','2018-08-06 12:31:56',1),(10,10,10,'2018-05-25 14:33:06','2019-02-28 15:34:07',NULL,1,'','2018-08-02 08:43:54',NULL,1),(11,11,11,'2018-06-04 01:31:25','2019-02-05 02:27:33',NULL,1,'','2018-08-02 08:43:54',NULL,1),(12,12,12,'2018-06-28 16:50:47','2019-02-28 14:05:46',NULL,1,'','2018-08-02 08:43:54',NULL,1),(13,13,13,'2018-06-12 01:13:54','2018-12-17 19:40:32',NULL,1,'','2018-08-02 08:43:54',NULL,1),(14,14,14,'2018-06-13 21:47:17','2018-12-20 09:48:44',NULL,1,'','2018-08-02 08:43:54',NULL,1),(15,15,15,'2018-05-22 15:43:07','2019-03-06 22:16:04',NULL,1,'','2018-08-02 08:43:54',NULL,1),(16,16,16,'2018-06-11 07:11:10','2018-12-20 13:46:56',NULL,1,'','2018-08-02 08:43:54',NULL,1),(17,17,17,'2018-06-28 19:57:41','2018-12-30 00:14:02',NULL,1,'','2018-08-02 08:43:54',NULL,1),(18,18,18,'2018-06-03 10:59:16','2019-01-31 10:22:39',NULL,1,'','2018-08-02 08:43:54',NULL,1),(19,19,19,'2018-06-17 08:41:52','2019-01-23 02:00:22',NULL,1,'','2018-08-02 08:43:54',NULL,1),(20,20,20,'2018-06-09 19:10:28','2019-02-09 11:58:22',NULL,1,'','2018-08-02 08:43:54',NULL,1),(21,21,21,'2018-06-23 00:24:16','2019-01-05 07:00:21',NULL,1,'','2018-08-02 08:43:54',NULL,1),(22,22,22,'2018-07-19 20:04:56','2019-02-11 05:07:39',NULL,1,'','2018-08-02 08:43:54',NULL,1),(23,23,23,'2018-07-31 05:06:06','2019-01-14 18:32:00',NULL,1,'','2018-08-02 08:43:54',NULL,1),(24,24,24,'2018-05-16 00:16:26','2019-03-30 11:33:52',NULL,1,'','2018-08-02 08:43:54',NULL,1),(25,25,25,'2018-07-11 15:15:48','2019-02-28 15:05:45',NULL,1,'','2018-08-02 08:43:54',NULL,1),(26,26,26,'2018-07-26 20:32:26','2019-02-14 04:35:51',NULL,1,'','2018-08-02 08:43:54',NULL,1),(27,27,27,'2018-07-31 03:49:14','2019-01-16 12:50:10',NULL,1,'','2018-08-02 08:43:54',NULL,1),(28,28,28,'2018-05-10 23:07:40','2019-02-07 23:21:00',NULL,1,'','2018-08-02 08:43:54',NULL,1),(29,29,29,'2018-06-17 05:00:46','2018-12-16 23:49:45',NULL,1,'','2018-08-02 08:43:54',NULL,1),(30,30,30,'2018-06-12 13:52:03','2018-12-19 01:30:57',NULL,1,'','2018-08-02 08:43:54',NULL,1),(31,31,31,'2018-07-08 16:15:47','2018-12-18 21:50:02',NULL,1,'','2018-08-02 08:43:54',NULL,1),(32,32,32,'2018-05-20 03:35:28','2019-03-16 06:45:59',NULL,1,'','2018-08-02 08:43:54',NULL,1),(33,33,33,'2018-07-12 06:32:05','2018-12-21 09:32:37',NULL,1,'','2018-08-02 08:43:54',NULL,1),(34,34,34,'2018-07-04 04:05:20','2019-03-02 14:51:03',NULL,1,'','2018-08-02 08:43:54',NULL,1),(35,35,35,'2018-05-15 03:21:45','2019-03-25 08:33:30',NULL,1,'','2018-08-02 08:43:54',NULL,1),(36,36,36,'2018-07-10 14:46:17','2019-03-20 14:40:22',NULL,1,'','2018-08-02 08:43:54',NULL,1),(37,37,37,'2018-06-19 17:29:59','2019-01-17 17:34:00',NULL,1,'','2018-08-02 08:43:54',NULL,1),(38,38,38,'2018-07-29 16:27:12','2019-01-17 20:00:07',NULL,1,'','2018-08-02 08:43:54',NULL,1),(39,39,39,'2018-06-17 01:25:39','2019-01-08 11:20:04',NULL,1,'','2018-08-02 08:43:54',NULL,1),(40,40,40,'2018-07-31 07:33:17','2019-03-04 10:15:47',NULL,1,'','2018-08-02 08:43:54',NULL,1),(41,41,41,'2018-06-28 16:56:18','2019-01-06 11:52:46',NULL,1,'','2018-08-02 08:43:54',NULL,1),(42,42,42,'2018-07-31 19:28:54','2019-03-31 03:18:01',NULL,1,'','2018-08-02 08:43:54',NULL,1),(43,43,43,'2018-05-03 02:06:57','2019-01-15 04:10:53',NULL,1,'','2018-08-02 08:43:54',NULL,1),(44,44,44,'2018-07-11 18:52:48','2018-12-10 21:01:07',NULL,1,'','2018-08-02 08:43:54',NULL,1),(45,45,45,'2018-07-28 12:17:29','2018-12-16 21:38:54',NULL,1,'','2018-08-02 08:43:54',NULL,1),(46,46,46,'2018-06-30 19:03:53','2019-03-25 23:25:59',NULL,1,'','2018-08-02 08:43:54',NULL,1),(47,47,47,'2018-07-16 03:03:36','2018-12-30 12:09:52',NULL,1,'','2018-08-02 08:43:54',NULL,1),(48,48,48,'2018-06-20 06:47:25','2018-12-11 07:53:01',NULL,1,'','2018-08-02 08:43:54',NULL,1),(49,49,49,'2018-07-22 22:18:06','2019-01-04 01:29:51',NULL,1,'','2018-08-02 08:43:54',NULL,1),(50,50,50,'2018-05-01 17:54:46','2018-12-08 06:28:38',NULL,1,'','2018-08-02 08:43:54',NULL,1),(51,51,51,'2018-06-18 07:43:42','2019-01-16 15:38:06',NULL,1,'','2018-08-02 08:43:54',NULL,1),(52,52,52,'2018-07-29 19:56:47','2018-12-04 12:49:56',NULL,1,'','2018-08-02 08:43:54',NULL,1),(53,53,53,'2018-07-22 08:02:41','2018-12-04 20:56:45',NULL,1,'','2018-08-02 08:43:54',NULL,1),(54,54,54,'2018-05-15 05:43:34','2019-02-13 16:59:47',NULL,1,'','2018-08-02 08:43:54',NULL,1),(55,55,55,'2018-06-26 11:25:34','2018-12-21 21:32:12',NULL,1,'','2018-08-02 08:43:54',NULL,1),(56,56,56,'2018-05-28 01:19:02','2018-12-28 00:14:01',NULL,1,'','2018-08-02 08:43:54',NULL,1),(57,57,57,'2018-05-27 19:28:48','2019-02-21 11:21:23',NULL,1,'','2018-08-02 08:43:54',NULL,1),(58,58,58,'2018-06-12 00:49:59','2019-03-14 01:46:30',NULL,1,'','2018-08-02 08:43:54',NULL,1),(59,59,59,'2018-06-22 07:58:34','2019-02-16 11:28:33',NULL,1,'','2018-08-02 08:43:54',NULL,1),(60,60,60,'2018-07-15 02:06:12','2019-03-15 02:35:45',NULL,1,'','2018-08-02 08:43:54',NULL,1),(61,61,61,'2018-06-07 20:15:11','2019-03-05 17:01:13',NULL,1,'','2018-08-02 08:43:54',NULL,1),(62,62,62,'2018-05-05 18:47:48','2019-03-20 19:14:22',NULL,1,'','2018-08-02 08:43:54',NULL,1),(63,63,63,'2018-06-06 10:14:10','2018-12-16 15:51:33',NULL,1,'','2018-08-02 08:43:54',NULL,1),(64,64,64,'2018-07-30 07:13:07','2018-12-03 12:40:34',NULL,1,'','2018-08-02 08:43:54',NULL,1),(65,65,65,'2018-07-04 19:11:27','2019-03-20 05:23:22',NULL,1,'','2018-08-02 08:43:54',NULL,1),(66,66,66,'2018-05-22 06:30:20','2019-02-16 21:59:01',NULL,1,'','2018-08-02 08:43:54',NULL,1),(67,67,67,'2018-06-01 23:21:58','2018-12-25 15:33:41',NULL,1,'','2018-08-02 08:43:54',NULL,1),(68,68,68,'2018-06-24 10:30:07','2019-02-24 17:20:40',NULL,1,'','2018-08-02 08:43:54',NULL,1),(69,69,69,'2018-07-12 20:31:38','2019-02-08 15:47:29',NULL,1,'','2018-08-02 08:43:54',NULL,1),(70,70,70,'2018-07-30 14:29:17','2019-01-01 09:06:59',NULL,1,'','2018-08-02 08:43:54',NULL,1),(71,71,71,'2018-06-20 17:11:20','2019-01-11 23:39:08',NULL,1,'','2018-08-02 08:43:54',NULL,1),(72,72,72,'2018-05-05 19:25:43','2019-03-23 06:04:48',NULL,1,'','2018-08-02 08:43:54',NULL,1),(73,73,73,'2018-07-05 18:34:40','2019-03-30 01:10:28',NULL,1,'','2018-08-02 08:43:54',NULL,1),(74,74,74,'2018-06-16 10:33:12','2018-12-21 20:24:29',NULL,1,'','2018-08-02 08:43:54',NULL,1),(75,75,75,'2018-05-05 01:15:17','2019-02-14 15:50:59',NULL,1,'','2018-08-02 08:43:54',NULL,1),(76,76,76,'2018-06-18 00:21:19','2019-02-12 16:15:34',NULL,1,'','2018-08-02 08:43:54',NULL,1),(77,77,77,'2018-05-18 03:10:15','2019-02-07 23:36:39',NULL,1,'','2018-08-02 08:43:54',NULL,1),(78,78,78,'2018-05-27 10:40:43','2019-02-16 15:01:27',NULL,1,'','2018-08-02 08:43:54',NULL,1),(79,79,79,'2018-05-11 20:28:34','2019-03-12 06:03:38',NULL,1,'','2018-08-02 08:43:54',NULL,1),(80,80,80,'2018-06-01 15:53:29','2019-01-22 22:36:16',NULL,1,'','2018-08-02 08:43:54',NULL,1),(81,81,81,'2018-05-20 20:16:17','2018-12-27 04:03:09',NULL,1,'','2018-08-02 08:43:54',NULL,1),(82,82,82,'2018-06-17 12:51:18','2019-03-04 13:25:09',NULL,1,'','2018-08-02 08:43:54',NULL,1),(83,83,83,'2018-05-27 09:29:12','2019-03-06 23:38:47',NULL,1,'','2018-08-02 08:43:54',NULL,1),(84,84,84,'2018-07-13 03:09:49','2019-01-12 01:25:14',NULL,1,'','2018-08-02 08:43:54',NULL,1),(85,85,85,'2018-05-13 12:51:35','2018-12-08 21:01:13',NULL,1,'','2018-08-02 08:43:54',NULL,1),(86,86,86,'2018-07-09 22:14:11','2019-02-21 15:44:00',NULL,1,'','2018-08-02 08:43:54',NULL,1),(87,87,87,'2018-07-03 16:43:18','2019-03-12 05:29:43',NULL,1,'','2018-08-02 08:43:54',NULL,1),(88,88,88,'2018-05-14 20:59:48','2019-01-10 04:56:19',NULL,1,'','2018-08-02 08:43:54',NULL,1),(89,89,89,'2018-07-19 00:41:21','2019-01-26 16:36:05',NULL,1,'','2018-08-02 08:43:54',NULL,1),(90,90,90,'2018-05-08 13:52:14','2019-03-18 22:20:15',NULL,1,'','2018-08-02 08:43:54',NULL,1),(91,91,91,'2018-07-05 02:58:13','2019-03-17 02:11:54',NULL,1,'','2018-08-02 08:43:54',NULL,1),(92,92,92,'2018-05-29 22:47:52','2019-03-27 07:20:58',NULL,1,'','2018-08-02 08:43:54',NULL,1),(93,93,93,'2018-07-02 06:07:08','2019-01-29 15:54:26',NULL,1,'','2018-08-02 08:43:54',NULL,1),(94,94,94,'2018-05-16 05:51:18','2019-03-24 22:07:46',NULL,1,'','2018-08-02 08:43:54',NULL,1),(95,95,95,'2018-06-24 05:04:44','2019-01-23 17:18:22',NULL,1,'','2018-08-02 08:43:54',NULL,1),(96,96,96,'2018-06-14 19:32:22','2019-03-23 03:03:10',NULL,1,'','2018-08-02 08:43:54',NULL,1),(97,97,97,'2018-06-01 00:41:12','2018-12-26 22:13:43',NULL,1,'','2018-08-02 08:43:54',NULL,1),(98,98,98,'2018-05-23 14:58:11','2019-01-29 10:27:07',NULL,1,'','2018-08-02 08:43:54',NULL,1),(99,99,99,'2018-06-24 15:31:55','2018-12-28 19:02:39','2018-08-06 15:56:25',0,'','2018-08-02 08:43:54','2018-08-06 15:56:25',1),(100,100,100,'2018-07-22 19:34:47','2019-03-03 08:45:39',NULL,1,'','2018-08-02 08:43:54',NULL,1),(101,101,101,'2018-05-24 07:30:47','2018-12-15 08:20:43',NULL,1,'','2018-08-02 08:43:54',NULL,1),(102,102,102,'2018-07-24 07:04:57','2019-01-16 17:19:35',NULL,1,'','2018-08-02 08:43:54',NULL,1),(103,103,103,'2018-05-25 00:49:04','2018-12-01 23:12:03',NULL,1,'','2018-08-02 08:43:54',NULL,1),(104,104,104,'2018-07-23 05:12:52','2019-01-12 04:47:20',NULL,1,'','2018-08-02 08:43:54',NULL,1),(105,105,105,'2018-07-15 00:36:31','2018-12-01 16:55:41',NULL,1,'','2018-08-02 08:43:54',NULL,1),(106,106,106,'2018-05-10 09:42:43','2019-01-09 14:45:31',NULL,1,'','2018-08-02 08:43:54',NULL,1),(107,107,107,'2018-06-18 01:53:10','2018-12-25 19:24:36',NULL,1,'','2018-08-02 08:43:54',NULL,1),(108,108,108,'2018-07-06 20:56:47','2019-01-02 22:24:38',NULL,1,'','2018-08-02 08:43:54',NULL,1),(109,109,109,'2018-05-06 04:35:59','2018-12-14 06:55:45',NULL,1,'','2018-08-02 08:43:54',NULL,1),(110,110,110,'2018-07-25 22:22:27','2019-02-24 17:44:17',NULL,1,'','2018-08-02 08:43:54',NULL,1),(111,111,111,'2018-06-28 01:12:17','2019-01-03 12:02:32',NULL,1,'','2018-08-02 08:43:54',NULL,1),(112,112,112,'2018-07-05 07:30:37','2019-03-04 05:02:21',NULL,1,'','2018-08-02 08:43:54',NULL,1),(113,113,113,'2018-05-19 01:51:29','2019-03-18 23:37:30',NULL,1,'','2018-08-02 08:43:54',NULL,1),(114,114,114,'2018-07-26 14:08:07','2019-03-29 09:49:10',NULL,1,'','2018-08-02 08:43:54',NULL,1),(115,115,115,'2018-07-31 23:19:45','2018-12-09 08:18:24',NULL,1,'','2018-08-02 08:43:54',NULL,1),(116,116,116,'2018-05-27 19:48:48','2019-02-14 15:12:00',NULL,1,'','2018-08-02 08:43:54',NULL,1),(117,117,117,'2018-07-18 13:11:25','2019-01-17 10:14:53',NULL,1,'','2018-08-02 08:43:54',NULL,1),(118,118,118,'2018-07-04 19:54:20','2019-03-13 11:43:23',NULL,1,'','2018-08-02 08:43:54',NULL,1),(119,119,119,'2018-05-07 12:19:25','2018-12-03 05:05:49',NULL,1,'','2018-08-02 08:43:54',NULL,1),(120,120,120,'2018-07-11 00:18:27','2018-12-19 10:01:32',NULL,1,'','2018-08-02 08:43:54',NULL,1),(121,121,121,'2018-07-28 09:38:56','2019-01-03 05:24:10',NULL,1,'','2018-08-02 08:43:54',NULL,1),(122,122,122,'2018-06-03 10:28:31','2018-12-18 19:30:16',NULL,1,'','2018-08-02 08:43:54',NULL,1),(123,123,123,'2018-05-06 23:01:27','2019-02-02 12:00:05',NULL,1,'','2018-08-02 08:43:54',NULL,1),(124,124,124,'2018-05-09 04:33:17','2019-01-08 01:59:39',NULL,1,'','2018-08-02 08:43:54',NULL,1),(125,125,125,'2018-07-06 08:03:45','2019-01-15 19:46:25',NULL,1,'','2018-08-02 08:43:54',NULL,1),(126,126,126,'2018-06-08 23:48:09','2019-02-05 11:59:53',NULL,1,'','2018-08-02 08:43:54',NULL,1),(127,127,127,'2018-06-06 15:02:44','2018-12-26 10:59:27',NULL,1,'','2018-08-02 08:43:54',NULL,1),(128,128,128,'2018-07-21 19:48:23','2018-12-09 15:23:01',NULL,1,'','2018-08-02 08:43:54',NULL,1),(129,129,129,'2018-07-26 23:50:04','2019-02-11 05:46:50',NULL,1,'','2018-08-02 08:43:54',NULL,1),(130,130,130,'2018-06-23 17:31:58','2019-03-28 09:18:08',NULL,1,'','2018-08-02 08:43:54',NULL,1),(131,131,131,'2018-06-03 04:57:09','2019-01-10 21:06:58',NULL,1,'','2018-08-02 08:43:54',NULL,1),(132,132,132,'2018-06-22 21:42:10','2019-03-07 17:59:44',NULL,1,'','2018-08-02 08:43:54',NULL,1),(133,133,133,'2018-05-19 22:53:24','2019-03-13 05:49:43',NULL,1,'','2018-08-02 08:43:54',NULL,1),(134,134,134,'2018-05-11 05:46:34','2019-03-23 18:23:48',NULL,1,'','2018-08-02 08:43:54',NULL,1),(135,135,135,'2018-07-04 13:47:20','2018-12-13 16:32:09',NULL,1,'','2018-08-02 08:43:54',NULL,1),(136,136,136,'2018-07-01 06:15:13','2018-12-20 13:55:29',NULL,1,'','2018-08-02 08:43:54',NULL,1),(137,137,137,'2018-07-04 06:35:44','2019-02-24 09:21:19',NULL,1,'','2018-08-02 08:43:54',NULL,1),(138,138,138,'2018-05-11 04:34:03','2019-02-06 20:34:24',NULL,1,'','2018-08-02 08:43:54',NULL,1),(139,139,139,'2018-05-12 03:11:22','2019-02-08 17:01:55',NULL,1,'','2018-08-02 08:43:54',NULL,1),(140,140,140,'2018-05-11 19:45:41','2019-03-02 13:23:19',NULL,1,'','2018-08-02 08:43:54',NULL,1),(141,141,141,'2018-05-21 02:33:17','2018-12-15 09:12:36',NULL,1,'','2018-08-02 08:43:54',NULL,1),(142,142,142,'2018-06-20 12:03:58','2019-03-30 00:56:23',NULL,1,'','2018-08-02 08:43:54',NULL,1),(143,143,143,'2018-06-14 05:07:57','2019-01-17 16:03:30',NULL,1,'','2018-08-02 08:43:54',NULL,1),(144,144,144,'2018-06-05 12:15:35','2019-02-07 09:25:36',NULL,1,'','2018-08-02 08:43:54',NULL,1),(145,145,145,'2018-06-05 15:58:04','2019-03-23 05:03:20',NULL,1,'','2018-08-02 08:43:54',NULL,1),(146,146,146,'2018-07-17 14:27:48','2019-03-20 14:08:23',NULL,1,'','2018-08-02 08:43:54',NULL,1),(147,147,147,'2018-06-07 19:00:19','2019-02-14 07:46:58',NULL,1,'','2018-08-02 08:43:54',NULL,1),(148,148,148,'2018-05-11 18:18:40','2018-12-14 03:11:44',NULL,1,'','2018-08-02 08:43:54',NULL,1),(149,149,149,'2018-07-31 13:30:50','2018-12-18 05:40:58',NULL,1,'','2018-08-02 08:43:54',NULL,1),(150,150,150,'2018-05-06 20:27:31','2019-03-14 05:32:02',NULL,1,'','2018-08-02 08:43:54',NULL,1),(151,151,151,'2018-07-12 06:26:38','2019-02-20 20:39:42',NULL,1,'','2018-08-02 08:43:54',NULL,1),(152,152,152,'2018-05-30 05:08:46','2019-01-11 08:31:00',NULL,1,'','2018-08-02 08:43:54',NULL,1),(153,153,153,'2018-05-15 00:21:36','2019-01-12 16:36:25',NULL,1,'','2018-08-02 08:43:54',NULL,1),(154,154,154,'2018-06-06 14:34:22','2019-02-10 21:06:10',NULL,1,'','2018-08-02 08:43:54',NULL,1),(155,155,155,'2018-06-02 09:29:15','2019-02-12 14:15:49',NULL,1,'','2018-08-02 08:43:54',NULL,1),(156,156,156,'2018-06-21 12:24:57','2018-12-30 17:36:04',NULL,1,'','2018-08-02 08:43:54',NULL,1),(157,157,157,'2018-06-09 12:06:22','2019-02-10 07:12:18',NULL,1,'','2018-08-02 08:43:54',NULL,1),(158,158,158,'2018-05-10 18:30:19','2018-12-29 14:56:04',NULL,1,'','2018-08-02 08:43:54',NULL,1),(159,159,159,'2018-06-05 15:37:25','2019-01-19 14:18:14',NULL,1,'','2018-08-02 08:43:54',NULL,1),(160,160,160,'2018-07-28 10:29:11','2018-12-05 23:25:46',NULL,1,'','2018-08-02 08:43:54',NULL,1),(161,161,161,'2018-05-30 00:40:01','2019-01-05 15:52:00',NULL,1,'','2018-08-02 08:43:54',NULL,1),(162,162,162,'2018-05-05 15:22:48','2019-03-25 00:01:37',NULL,1,'','2018-08-02 08:43:54',NULL,1),(163,163,163,'2018-06-04 18:36:03','2019-01-05 01:28:15',NULL,1,'','2018-08-02 08:43:54',NULL,1),(164,164,164,'2018-06-02 15:39:31','2019-02-20 18:50:07',NULL,1,'','2018-08-02 08:43:54',NULL,1),(165,165,165,'2018-05-28 13:20:30','2019-02-11 02:06:29',NULL,1,'','2018-08-02 08:43:54',NULL,1),(166,166,166,'2018-05-28 03:55:01','2019-03-28 17:22:31',NULL,1,'','2018-08-02 08:43:54',NULL,1),(167,167,167,'2018-07-13 07:51:54','2018-12-07 23:56:50',NULL,1,'','2018-08-02 08:43:54',NULL,1),(168,168,168,'2018-07-04 01:55:09','2019-03-11 21:55:21',NULL,1,'','2018-08-02 08:43:54',NULL,1),(169,169,169,'2018-06-03 14:08:29','2019-03-27 09:07:55',NULL,1,'','2018-08-02 08:43:54',NULL,1),(170,170,170,'2018-05-12 06:44:46','2019-02-13 09:34:01',NULL,1,'','2018-08-02 08:43:54',NULL,1),(171,171,171,'2018-06-09 21:34:45','2018-12-02 17:58:51',NULL,1,'','2018-08-02 08:43:54',NULL,1),(172,172,172,'2018-06-20 20:03:28','2019-01-29 12:54:39',NULL,1,'','2018-08-02 08:43:54',NULL,1),(173,173,173,'2018-07-20 00:10:27','2019-01-21 03:05:53',NULL,1,'','2018-08-02 08:43:54',NULL,1),(174,174,174,'2018-06-27 12:10:49','2019-01-19 16:24:23',NULL,1,'','2018-08-02 08:43:54',NULL,1),(175,175,175,'2018-05-31 15:26:20','2018-12-05 22:32:22',NULL,1,'','2018-08-02 08:43:54',NULL,1),(176,176,176,'2018-05-09 19:05:46','2019-01-18 23:21:47',NULL,1,'','2018-08-02 08:43:54',NULL,1),(177,177,177,'2018-06-20 03:04:03','2019-02-25 18:01:07',NULL,1,'','2018-08-02 08:43:54',NULL,1),(178,178,178,'2018-07-22 20:24:41','2019-01-24 14:39:50',NULL,1,'','2018-08-02 08:43:54',NULL,1),(179,179,179,'2018-07-28 04:28:23','2019-02-22 16:23:34',NULL,1,'','2018-08-02 08:43:54',NULL,1),(180,180,180,'2018-06-18 16:47:58','2019-03-18 20:35:08',NULL,1,'','2018-08-02 08:43:54',NULL,1),(181,201,8,'2018-08-03 08:55:52',NULL,NULL,1,NULL,'2018-08-03 08:55:52',NULL,1),(182,202,8,'2018-08-03 09:10:42',NULL,NULL,1,NULL,'2018-08-03 09:10:42',NULL,1),(183,203,2,'2018-08-03 09:15:02',NULL,NULL,1,NULL,'2018-08-03 09:15:02',NULL,1),(184,204,2,'2018-08-03 09:17:25',NULL,NULL,1,NULL,'2018-08-03 09:17:25',NULL,1),(185,206,2,'2018-08-03 09:44:47',NULL,NULL,1,NULL,'2018-08-03 09:44:47',NULL,1),(186,207,2,'2018-08-03 09:50:44',NULL,NULL,1,NULL,'2018-08-03 09:50:44',NULL,1),(187,208,2,'2018-08-03 09:52:11',NULL,NULL,1,NULL,'2018-08-03 09:52:11',NULL,1),(188,210,2,'2018-08-03 09:59:11',NULL,NULL,1,NULL,'2018-08-03 09:59:11',NULL,1),(189,211,2,'2018-08-03 09:59:45',NULL,NULL,1,NULL,'2018-08-03 09:59:45',NULL,1),(190,212,2,'2018-08-03 10:03:09',NULL,NULL,1,NULL,'2018-08-03 10:03:09',NULL,1),(191,213,2,'2018-08-03 10:05:23',NULL,NULL,1,NULL,'2018-08-03 10:05:23',NULL,1),(192,214,8,'2018-08-03 10:09:19',NULL,NULL,1,NULL,'2018-08-03 10:09:19',NULL,1),(193,215,8,'2018-08-03 10:10:39',NULL,NULL,1,NULL,'2018-08-03 10:10:39',NULL,1),(194,216,2,'2018-08-03 10:14:47',NULL,NULL,1,NULL,'2018-08-03 10:14:47',NULL,1),(195,217,2,'2018-08-03 10:25:44',NULL,NULL,1,NULL,'2018-08-03 10:25:44',NULL,1),(196,218,2,'2018-08-03 10:27:20',NULL,NULL,1,NULL,'2018-08-03 10:27:20',NULL,1),(197,219,2,'2018-08-03 10:31:53',NULL,NULL,1,NULL,'2018-08-03 10:31:53',NULL,1),(198,220,2,'2018-08-03 10:35:54',NULL,NULL,1,NULL,'2018-08-03 10:35:54',NULL,1),(199,221,2,'2018-08-03 10:38:04',NULL,NULL,1,NULL,'2018-08-03 10:38:04',NULL,1),(200,222,2,'2018-08-03 10:40:05',NULL,NULL,1,NULL,'2018-08-03 10:40:05',NULL,1),(201,223,2,'2018-08-03 10:42:02',NULL,NULL,1,NULL,'2018-08-03 10:42:02',NULL,1),(202,224,2,'2018-08-03 10:46:14',NULL,NULL,1,NULL,'2018-08-03 10:46:14',NULL,1),(203,225,2,'2018-08-03 10:54:23',NULL,NULL,1,NULL,'2018-08-03 10:54:23',NULL,1),(204,226,2,'2018-08-03 10:55:04',NULL,NULL,1,NULL,'2018-08-03 10:55:04',NULL,1),(205,227,2,'2018-08-03 11:12:47',NULL,NULL,1,NULL,'2018-08-03 11:12:47',NULL,1),(206,228,2,'2018-08-03 11:14:50',NULL,NULL,1,NULL,'2018-08-03 11:14:50',NULL,1),(207,229,2,'2018-08-03 11:15:17',NULL,NULL,1,NULL,'2018-08-03 11:15:17',NULL,1),(208,234,2,'2018-08-03 11:31:11',NULL,NULL,1,NULL,'2018-08-03 11:31:11',NULL,1),(209,247,2,'2018-08-03 13:46:53',NULL,NULL,1,NULL,'2018-08-03 13:46:53',NULL,1),(210,248,2,'2018-08-03 13:47:53',NULL,NULL,1,NULL,'2018-08-03 13:47:53',NULL,1),(211,249,2,'2018-08-03 13:49:03',NULL,NULL,1,NULL,'2018-08-03 13:49:03',NULL,1),(212,250,2,'2018-08-03 13:51:55',NULL,NULL,1,NULL,'2018-08-03 13:51:55',NULL,1),(213,252,2,'2018-08-03 14:22:46',NULL,NULL,1,NULL,'2018-08-03 14:22:46',NULL,1),(214,253,2,'2018-08-03 14:30:03',NULL,NULL,1,NULL,'2018-08-03 14:30:03',NULL,1),(215,261,2,'2018-08-06 12:11:31',NULL,NULL,1,NULL,'2018-08-06 12:11:31',NULL,1),(217,9,9,'2018-08-06 12:33:00',NULL,NULL,1,NULL,'2018-08-06 12:33:00',NULL,1),(218,269,2,'2018-08-06 13:01:57',NULL,'2018-08-06 13:02:54',0,NULL,'2018-08-06 13:01:57','2018-08-06 13:02:54',1),(219,269,9,'2018-08-06 13:02:54',NULL,NULL,1,NULL,'2018-08-06 13:02:54',NULL,1),(220,269,2,'2018-08-06 13:04:09',NULL,NULL,1,NULL,'2018-08-06 13:04:09',NULL,1),(221,271,2,'2018-08-06 13:23:26',NULL,NULL,1,NULL,'2018-08-06 13:23:26',NULL,1),(222,271,9,'2018-08-06 13:23:40',NULL,NULL,1,NULL,'2018-08-06 13:23:40',NULL,1),(223,272,2,'2018-08-06 13:30:10',NULL,'2018-08-06 13:31:56',0,NULL,'2018-08-06 13:30:10','2018-08-06 13:31:56',1),(224,272,9,'2018-08-06 13:31:56',NULL,NULL,1,NULL,'2018-08-06 13:31:56',NULL,1),(225,272,2,'2018-08-06 13:33:51',NULL,NULL,1,NULL,'2018-08-06 13:33:51',NULL,1),(226,272,2,'2018-08-06 13:35:11',NULL,NULL,1,NULL,'2018-08-06 13:35:11',NULL,1),(227,272,2,'2018-08-06 13:36:19',NULL,NULL,1,NULL,'2018-08-06 13:36:19',NULL,1),(228,272,2,'2018-08-06 13:37:27',NULL,NULL,1,NULL,'2018-08-06 13:37:27',NULL,1),(229,273,2,'2018-08-06 13:56:58',NULL,NULL,1,NULL,'2018-08-06 13:56:58',NULL,1),(230,274,8,'2018-08-06 14:00:51',NULL,'2018-08-06 14:01:14',0,NULL,'2018-08-06 14:00:51','2018-08-06 14:01:14',1),(231,274,2,'2018-08-06 14:01:14',NULL,NULL,1,NULL,'2018-08-06 14:01:14',NULL,1),(232,274,8,'2018-08-06 14:02:14',NULL,NULL,1,NULL,'2018-08-06 14:02:14',NULL,1),(233,275,8,'2018-08-06 14:05:25',NULL,'2018-08-06 14:06:03',0,NULL,'2018-08-06 14:05:25','2018-08-06 14:06:03',1),(234,275,2,'2018-08-06 14:06:03',NULL,'2018-08-06 14:08:35',0,NULL,'2018-08-06 14:06:03','2018-08-06 14:08:35',1),(236,275,8,'2018-08-06 14:08:35',NULL,NULL,1,NULL,'2018-08-06 14:08:35',NULL,1),(237,276,8,'2018-08-06 14:10:40',NULL,'2018-08-06 14:11:05',0,NULL,'2018-08-06 14:10:40','2018-08-06 14:11:05',1),(238,276,2,'2018-08-06 14:11:05',NULL,NULL,1,NULL,'2018-08-06 14:11:05',NULL,1),(239,277,8,'2018-08-06 14:15:46',NULL,NULL,1,NULL,'2018-08-06 14:15:46',NULL,1),(240,278,8,'2018-08-06 14:19:14',NULL,'2018-08-06 14:19:45',0,NULL,'2018-08-06 14:19:14','2018-08-06 14:19:45',1),(241,278,2,'2018-08-06 14:19:45',NULL,NULL,1,NULL,'2018-08-06 14:19:45',NULL,1),(242,278,8,'2018-08-06 14:20:29',NULL,NULL,1,NULL,'2018-08-06 14:20:29',NULL,1),(243,278,8,'2018-08-06 14:21:54',NULL,NULL,1,NULL,'2018-08-06 14:21:54',NULL,1),(244,279,8,'2018-08-06 14:26:41',NULL,'2018-08-06 14:27:11',0,NULL,'2018-08-06 14:26:41','2018-08-06 14:27:11',1),(245,279,2,'2018-08-06 14:27:11',NULL,NULL,1,NULL,'2018-08-06 14:27:11',NULL,1),(246,279,8,'2018-08-06 14:28:23',NULL,NULL,1,NULL,'2018-08-06 14:28:23',NULL,1),(247,280,8,'2018-08-06 14:29:12',NULL,'2018-08-06 14:30:13',0,NULL,'2018-08-06 14:29:12','2018-08-06 14:30:13',1),(248,280,2,'2018-08-06 14:30:13',NULL,NULL,1,NULL,'2018-08-06 14:30:13',NULL,1),(249,280,8,'2018-08-06 14:32:52',NULL,NULL,1,NULL,'2018-08-06 14:32:52',NULL,1),(250,281,8,'2018-08-06 14:34:00',NULL,'2018-08-06 14:34:18',0,NULL,'2018-08-06 14:34:00','2018-08-06 14:34:18',1),(251,281,2,'2018-08-06 14:34:18',NULL,NULL,1,NULL,'2018-08-06 14:34:18',NULL,1),(252,281,8,'2018-08-06 14:34:45',NULL,NULL,1,NULL,'2018-08-06 14:34:45',NULL,1),(253,282,8,'2018-08-06 14:35:26',NULL,'2018-08-06 14:37:04',0,NULL,'2018-08-06 14:35:26','2018-08-06 14:37:04',1),(254,282,2,'2018-08-06 14:36:48',NULL,NULL,1,NULL,'2018-08-06 14:36:48',NULL,1),(255,282,2,'2018-08-06 14:37:04',NULL,NULL,1,NULL,'2018-08-06 14:37:04',NULL,1),(256,283,8,'2018-08-06 14:38:49',NULL,'2018-08-06 14:39:49',0,NULL,'2018-08-06 14:38:49','2018-08-06 14:39:49',1),(257,283,2,'2018-08-06 14:39:49',NULL,NULL,1,NULL,'2018-08-06 14:39:49',NULL,1),(258,284,8,'2018-08-06 14:43:00',NULL,'2018-08-06 14:43:13',0,NULL,'2018-08-06 14:43:00','2018-08-06 14:43:13',1),(259,284,2,'2018-08-06 14:43:13',NULL,NULL,1,NULL,'2018-08-06 14:43:13',NULL,1),(260,285,8,'2018-08-06 14:49:05',NULL,'2018-08-06 14:49:29',0,NULL,'2018-08-06 14:49:05','2018-08-06 14:49:29',1),(261,285,2,'2018-08-06 14:49:29',NULL,NULL,1,NULL,'2018-08-06 14:49:29',NULL,1),(262,286,8,'2018-08-06 14:52:17',NULL,'2018-08-06 14:53:36',0,NULL,'2018-08-06 14:52:17','2018-08-06 14:53:36',1),(263,286,2,'2018-08-06 14:52:33',NULL,'2018-08-06 14:53:51',0,NULL,'2018-08-06 14:52:33','2018-08-06 14:53:51',1),(264,286,8,'2018-08-06 14:52:57',NULL,'2018-08-06 14:53:36',0,NULL,'2018-08-06 14:52:57','2018-08-06 14:53:36',1),(265,286,2,'2018-08-06 14:53:36',NULL,'2018-08-06 14:53:51',0,NULL,'2018-08-06 14:53:36','2018-08-06 14:53:51',1),(266,286,8,'2018-08-06 14:53:51',NULL,NULL,1,NULL,'2018-08-06 14:53:51',NULL,1),(267,1,2,'2018-08-06 14:54:51',NULL,'2018-08-06 14:55:15',0,NULL,'2018-08-06 14:54:51','2018-08-06 14:55:15',1),(268,1,1,'2018-08-06 14:55:15',NULL,'2018-08-06 15:53:51',0,NULL,'2018-08-06 14:55:15','2018-08-06 15:53:51',1),(269,287,2,'2018-08-06 15:51:29',NULL,'2018-08-06 15:52:32',0,NULL,'2018-08-06 15:51:29','2018-08-06 15:52:32',1),(270,287,9,'2018-08-06 15:51:46',NULL,NULL,1,NULL,'2018-08-06 15:51:46',NULL,1),(271,287,9,'2018-08-06 15:52:12',NULL,NULL,1,NULL,'2018-08-06 15:52:12',NULL,1),(272,287,9,'2018-08-06 15:52:32',NULL,NULL,1,NULL,'2018-08-06 15:52:32',NULL,1),(273,1,9,'2018-08-06 15:53:51',NULL,NULL,1,NULL,'2018-08-06 15:53:51',NULL,1),(274,288,8,'2018-08-06 15:55:12',NULL,'2018-08-06 15:56:08',0,NULL,'2018-08-06 15:55:12','2018-08-06 15:56:08',1),(275,288,2,'2018-08-06 15:55:32',NULL,NULL,1,NULL,'2018-08-06 15:55:32',NULL,1),(276,288,9,'2018-08-06 15:56:08',NULL,NULL,1,NULL,'2018-08-06 15:56:08',NULL,1),(277,99,2,'2018-08-06 15:56:25',NULL,NULL,1,NULL,'2018-08-06 15:56:25',NULL,1),(278,289,2,'2018-08-06 15:57:09',NULL,'2018-08-06 15:57:58',0,NULL,'2018-08-06 15:57:09','2018-08-06 15:57:58',1),(279,289,9,'2018-08-06 15:57:58',NULL,NULL,1,NULL,'2018-08-06 15:57:58',NULL,1),(280,290,2,'2018-08-06 15:58:21',NULL,'2018-08-06 15:58:46',0,NULL,'2018-08-06 15:58:21','2018-08-06 15:58:46',1),(281,290,9,'2018-08-06 15:58:46',NULL,NULL,1,NULL,'2018-08-06 15:58:46',NULL,1),(282,291,2,'2018-08-06 15:59:47',NULL,'2018-08-06 16:00:18',0,NULL,'2018-08-06 15:59:47','2018-08-06 16:00:18',1),(283,291,9,'2018-08-06 16:00:18',NULL,'2018-08-06 16:00:35',0,NULL,'2018-08-06 16:00:18','2018-08-06 16:00:35',1),(284,291,2,'2018-08-06 16:00:35',NULL,NULL,1,NULL,'2018-08-06 16:00:35',NULL,1),(285,292,2,'2018-08-06 16:01:31',NULL,'2018-08-06 16:02:01',0,NULL,'2018-08-06 16:01:31','2018-08-06 16:02:01',1),(286,292,9,'2018-08-06 16:02:01',NULL,'2018-08-06 16:02:23',0,NULL,'2018-08-06 16:02:01','2018-08-06 16:02:23',1),(287,292,2,'2018-08-06 16:02:23',NULL,NULL,1,NULL,'2018-08-06 16:02:23',NULL,1),(288,293,2,'2018-08-06 16:03:34',NULL,NULL,1,NULL,'2018-08-06 16:03:34',NULL,1),(289,294,2,'2018-08-06 16:07:39',NULL,NULL,1,NULL,'2018-08-06 16:07:39',NULL,1);
/*!40000 ALTER TABLE `locationresident` ENABLE KEYS */;
UNLOCK TABLES;

--
-- Table structure for table `permission`
--

DROP TABLE IF EXISTS `permission`;
/*!40101 SET @saved_cs_client     = @@character_set_client */;
/*!40101 SET character_set_client = utf8 */;
CREATE TABLE `permission` (
  `id` int(11) NOT NULL AUTO_INCREMENT,
  `entity` varchar(32) COLLATE utf8mb4_unicode_ci NOT NULL,
  `permission` varchar(48) COLLATE utf8mb4_unicode_ci NOT NULL,
  `created` datetime DEFAULT CURRENT_TIMESTAMP,
  `updated` datetime DEFAULT NULL ON UPDATE CURRENT_TIMESTAMP,
  PRIMARY KEY (`id`),
  UNIQUE KEY `uniq_permission` (`entity`,`permission`)
) ENGINE=InnoDB AUTO_INCREMENT=47 DEFAULT CHARSET=utf8mb4 COLLATE=utf8mb4_unicode_ci;
/*!40101 SET character_set_client = @saved_cs_client */;

--
-- Dumping data for table `permission`
--

LOCK TABLES `permission` WRITE;
/*!40000 ALTER TABLE `permission` DISABLE KEYS */;
INSERT INTO `permission` VALUES (1,'User','C','2018-08-19 11:37:39',NULL),(2,'User','R','2018-08-19 11:37:39',NULL),(3,'User','U','2018-08-19 11:37:39',NULL),(4,'User','D','2018-08-19 11:37:39',NULL),(5,'Zone','C','2018-08-19 11:37:39',NULL),(6,'Zone','R','2018-08-19 11:37:39',NULL),(7,'Zone','U','2018-08-19 11:37:39',NULL),(8,'Zone','D','2018-08-19 11:37:39',NULL),(9,'Location','C','2018-08-19 11:37:39',NULL),(10,'Location','R','2018-08-19 11:37:39',NULL),(11,'Location','U','2018-08-19 11:37:39',NULL),(12,'Location','D','2018-08-19 11:37:39',NULL),(13,'Resident','C','2018-08-19 11:37:39',NULL),(14,'Resident','R','2018-08-19 11:37:39',NULL),(15,'Resident','U','2018-08-19 11:37:39',NULL),(16,'Resident','D','2018-08-19 11:37:39',NULL),(17,'Task','C','2018-08-19 11:37:39',NULL),(18,'Task','R','2018-08-19 11:37:39',NULL),(19,'Task','U','2018-08-19 11:37:39',NULL),(20,'Task','D','2018-08-19 11:37:39',NULL),(21,'Update','C','2018-08-19 11:37:39',NULL),(22,'Update','R','2018-08-19 11:37:39',NULL),(23,'Update','U','2018-08-19 11:37:39',NULL),(24,'Update','D','2018-08-19 11:37:39',NULL);
/*!40000 ALTER TABLE `permission` ENABLE KEYS */;
UNLOCK TABLES;

--
-- Table structure for table `resident`
--

DROP TABLE IF EXISTS `resident`;
/*!40101 SET @saved_cs_client     = @@character_set_client */;
/*!40101 SET character_set_client = utf8 */;
CREATE TABLE `resident` (
  `id` int(11) NOT NULL AUTO_INCREMENT,
  `firstName` varchar(191) COLLATE utf8mb4_unicode_ci NOT NULL,
  `middleName` varchar(191) COLLATE utf8mb4_unicode_ci DEFAULT NULL,
  `lastName` varchar(191) COLLATE utf8mb4_unicode_ci NOT NULL,
  `userID` varchar(100) COLLATE utf8mb4_unicode_ci NOT NULL,
  `email` varchar(191) COLLATE utf8mb4_unicode_ci NOT NULL,
  `gender` enum('Female','Male','Both','Unknown','NA') COLLATE utf8mb4_unicode_ci DEFAULT 'Unknown',
  `dob` datetime DEFAULT NULL,
  `title` varchar(60) COLLATE utf8mb4_unicode_ci DEFAULT NULL,
  `password` binary(60) DEFAULT NULL,
  `primaryContact` varchar(15) COLLATE utf8mb4_unicode_ci NOT NULL DEFAULT '',
  `alternateContact` varchar(15) COLLATE utf8mb4_unicode_ci DEFAULT '',
  `status` tinyint(4) NOT NULL DEFAULT '-1',
  `comment` text COLLATE utf8mb4_unicode_ci,
  `created` datetime DEFAULT CURRENT_TIMESTAMP,
  `updated` datetime DEFAULT NULL ON UPDATE CURRENT_TIMESTAMP,
  PRIMARY KEY (`id`),
  UNIQUE KEY `uniq_userID` (`userID`)
) ENGINE=InnoDB AUTO_INCREMENT=204 DEFAULT CHARSET=utf8mb4 COLLATE=utf8mb4_unicode_ci;
/*!40101 SET character_set_client = @saved_cs_client */;

--
-- Dumping data for table `resident`
--

LOCK TABLES `resident` WRITE;
/*!40000 ALTER TABLE `resident` DISABLE KEYS */;
INSERT INTO `resident` VALUES (1,'Felicity','Neil','Stewart','FNeilStewart','felicity.stewart@bvs.com','Female','1964-01-28 00:00:00','Mrs.Stewart',NULL,'9981200120','8800145610',1,NULL,'2018-08-02 08:08:19',NULL),(2,'Victoria','','Fisher','VFisher','victoria.fisher@bvs.com','Female','1993-11-09 00:00:00','Mrs.Fisher',NULL,'9981200121','8800145611',1,NULL,'2018-08-02 08:08:19',NULL),(3,'Olivia','','Harris','OHarris','olivia.harris@bvs.com','Female','1969-04-23 00:00:00','Mrs.Harris',NULL,'9981200122','8800145612',1,NULL,'2018-08-02 08:08:19',NULL),(4,'Bella','','Anderson','BAnderson','bella.anderson@bvs.com','Female','1964-07-06 00:00:00','Mrs.Anderson',NULL,'9981200123','8800145613',1,NULL,'2018-08-02 08:08:19',NULL),(5,'Ruth','','Hughes','RHughes','ruth.hughes@bvs.com','Female','1978-02-14 00:00:00','Mrs.Hughes',NULL,'9981200124','8800145614',1,NULL,'2018-08-02 08:08:19',NULL),(6,'Julia','','Jackson','JJackson','julia.jackson@bvs.com','Female','1988-10-11 00:00:00','Mrs.Jackson',NULL,'9981200125','8800145615',1,NULL,'2018-08-02 08:08:19',NULL),(7,'Molly','','Black','MBlack','molly.black@bvs.com','Female','1981-06-29 00:00:00','Mrs.Black',NULL,'9981200126','8800145616',1,NULL,'2018-08-02 08:08:19',NULL),(8,'Tracey','','Arnold','TArnold','tracey.arnold@bvs.com','Female','1986-11-15 00:00:00','Mrs.Arnold',NULL,'9981200127','8800145617',1,NULL,'2018-08-02 08:08:19',NULL),(9,'Bella','','Gibson','BGibson','bella.gibson@bvs.com','Female','1967-09-16 00:00:00','Mrs.Gibson',NULL,'9981200128','8800145618',1,NULL,'2018-08-02 08:08:19',NULL),(10,'Julia','','Russell','JRussell','julia.russell@bvs.com','Female','1962-08-29 00:00:00','Mrs.Russell',NULL,'9981200129','8800145619',1,NULL,'2018-08-02 08:08:19',NULL),(11,'Anna','','Bower','ABower','anna.bower@bvs.com','Female','1992-09-25 00:00:00','Mrs.Bower',NULL,'9981200130','8800145620',1,NULL,'2018-08-02 08:08:19',NULL),(12,'Jasmine','','Turner','JTurner','jasmine.turner@bvs.com','Female','1985-07-09 00:00:00','Mrs.Turner',NULL,'9981200131','8800145621',1,NULL,'2018-08-02 08:08:19',NULL),(13,'Madeleine','Gaw','Nash','MGawNash','madeleine.nash@bvs.com','Female','1992-11-21 00:00:00','Mrs.Nash',NULL,'9981200132','8800145622',1,NULL,'2018-08-02 08:08:19',NULL),(14,'Virginia','','Ferguson','VFerguson','virginia.ferguson@bvs.com','Female','1989-09-19 00:00:00','Mrs.Ferguson',NULL,'9981200133','8800145623',1,NULL,'2018-08-02 08:08:19',NULL),(15,'Elizabeth','','Vance','EVance','elizabeth.vance@bvs.com','Female','1991-08-06 00:00:00','Mrs.Vance',NULL,'9981200136','8800145626',1,NULL,'2018-08-02 08:08:19',NULL),(16,'Elizabeth','','Buckland','EBuckland','elizabeth.buckland@bvs.com','Female','1980-04-07 00:00:00','Mrs.Buckland',NULL,'9981200137','8800145627',1,NULL,'2018-08-02 08:08:19',NULL),(17,'Maria','','Lyman','MLyman','maria.lyman@bvs.com','Female','1973-02-11 00:00:00','Mrs.Lyman',NULL,'9981200138','8800145628',1,NULL,'2018-08-02 08:08:19',NULL),(18,'Emily','','Cameron','ECameron','emily.cameron@bvs.com','Female','1966-11-20 00:00:00','Mrs.Cameron',NULL,'9981200139','8800145629',1,NULL,'2018-08-02 08:08:19',NULL),(19,'Julia','','Marshall','JMarshall','julia.marshall@bvs.com','Female','1996-01-20 00:00:00','Mrs.Marshall',NULL,'9981200140','8800145630',1,NULL,'2018-08-02 08:08:19',NULL),(20,'Wanda','','Randall','WRandall','wanda.randall@bvs.com','Female','1971-10-07 00:00:00','Mrs.Randall',NULL,'9981200141','8800145631',1,NULL,'2018-08-02 08:08:19',NULL),(21,'Lauren','','Sharp','LSharp','lauren.sharp@bvs.com','Female','1988-08-09 00:00:00','Mrs.Sharp',NULL,'9981200143','8800145633',1,NULL,'2018-08-02 08:08:19',NULL),(22,'Joanne','','Edmunds','JEdmunds','joanne.edmunds@bvs.com','Female','1963-10-25 00:00:00','Mrs.Edmunds',NULL,'9981200144','8800145634',1,NULL,'2018-08-02 08:08:19',NULL),(23,'Sally','','Bailey','SBailey','sally.bailey@bvs.com','Female','1974-10-01 00:00:00','Mrs.Bailey',NULL,'9981200145','8800145635',1,NULL,'2018-08-02 08:08:19',NULL),(24,'Stephanie','','Allan','SAllan','stephanie.allan@bvs.com','Female','1991-04-17 00:00:00','Mrs.Allan',NULL,'9981200146','8800145636',1,NULL,'2018-08-02 08:08:19',NULL),(25,'Karen','Mc','Blake','KMcBlake','karen.blake@bvs.com','Female','1971-07-07 00:00:00','Mrs.Blake',NULL,'9981200147','8800145637',1,NULL,'2018-08-02 08:08:19',NULL),(26,'Ruth','','Paige','RPaige','ruth.paige@bvs.com','Female','1995-04-04 00:00:00','Mrs.Paige',NULL,'9981200148','8800145638',1,NULL,'2018-08-02 08:08:19',NULL),(27,'Melanie','','Taylor','MTaylor','melanie.taylor@bvs.com','Female','1983-04-17 00:00:00','Mrs.Taylor',NULL,'9981200149','8800145639',1,NULL,'2018-08-02 08:08:19',NULL),(28,'Molly','','Simpson','MSimpson','molly.simpson@bvs.com','Female','1994-12-20 00:00:00','Mrs.Simpson',NULL,'9981200150','8800145640',1,NULL,'2018-08-02 08:08:19',NULL),(29,'Megan','','Ferguson','MFerguson','megan.ferguson@bvs.com','Female','1969-08-31 00:00:00','Mrs.Ferguson',NULL,'9981200151','8800145641',1,NULL,'2018-08-02 08:08:19',NULL),(30,'Pippa','','Taylor','PTaylor','pippa.taylor@bvs.com','Female','1993-06-30 00:00:00','Mrs.Taylor',NULL,'9981200152','8800145642',1,NULL,'2018-08-02 08:08:19',NULL),(31,'Sally','kale','Paige','SkalePaige','sally.paige@bvs.com','Female','1991-01-28 00:00:00','Mrs.Paige',NULL,'9981200153','8800145643',1,NULL,'2018-08-02 08:08:19',NULL),(32,'Leah','','Hunter','LHunter','leah.hunter@bvs.com','Female','1982-03-10 00:00:00','Mrs.Hunter',NULL,'9981200154','8800145644',1,NULL,'2018-08-02 08:08:19',NULL),(33,'Amy','','Sharp','ASharp','amy.sharp@bvs.com','Female','1980-12-28 00:00:00','Mrs.Sharp',NULL,'9981200156','8800145646',1,NULL,'2018-08-02 08:08:19',NULL),(34,'Jennifer','','Simpson','JSimpson','jennifer.simpson@bvs.com','Female','1987-04-23 00:00:00','Mrs.Simpson',NULL,'9981200157','8800145647',1,NULL,'2018-08-02 08:08:19',NULL),(35,'Leah','','MacDonald','LMacDonald','leah.macdonald@bvs.com','Female','1995-11-05 00:00:00','Mrs.MacDonald',NULL,'9981200158','8800145648',1,NULL,'2018-08-02 08:08:19',NULL),(36,'Jan','','Watson','JWatson','jan.watson@bvs.com','Female','1970-12-15 00:00:00','Mrs.Watson',NULL,'9981200159','8800145649',1,NULL,'2018-08-02 08:08:19',NULL),(37,'Donna','','Rutherford','DRutherford','donna.rutherford@bvs.com','Female','1965-07-29 00:00:00','Mrs.Rutherford',NULL,'9981200160','8800145650',1,NULL,'2018-08-02 08:08:19',NULL),(38,'Ella','','Hamilton','EHamilton','ella.hamilton@bvs.com','Female','1967-04-28 00:00:00','Mrs.Hamilton',NULL,'9981200161','8800145651',1,NULL,'2018-08-02 08:08:19',NULL),(39,'Ruth','','Murray','RMurray','ruth.murray@bvs.com','Female','1966-12-09 00:00:00','Mrs.Murray',NULL,'9981200162','8800145652',1,NULL,'2018-08-02 08:08:19',NULL),(40,'Kylie','','Alsop','KAlsop','kylie.alsop@bvs.com','Female','1973-11-23 00:00:00','Mrs.Alsop',NULL,'9981200163','8800145653',1,NULL,'2018-08-02 08:08:19',NULL),(41,'Caroline','Fren','Baker','CFrenBaker','caroline.baker@bvs.com','Female','1966-06-29 00:00:00','Mrs.Baker',NULL,'9981200164','8800145654',1,NULL,'2018-08-02 08:08:19',NULL),(42,'Wanda','','Berry','WBerry','wanda.berry@bvs.com','Female','1970-03-29 00:00:00','Mrs.Berry',NULL,'9981200165','8800145655',1,NULL,'2018-08-02 08:08:19',NULL),(43,'Virginia','','Henderson','VHenderson','virginia.henderson@bvs.com','Female','1996-01-20 00:00:00','Mrs.Henderson',NULL,'9981200166','8800145656',1,NULL,'2018-08-02 08:08:19',NULL),(44,'Sarah','','Wright','SWright','sarah.wright@bvs.com','Female','1964-12-06 00:00:00','Mrs.Wright',NULL,'9981200167','8800145657',1,NULL,'2018-08-02 08:08:19',NULL),(45,'Karen','','Clark','KClark','karen.clark@bvs.com','Female','1963-11-12 00:00:00','Mrs.Clark',NULL,'9981200168','8800145658',1,NULL,'2018-08-02 08:08:19',NULL),(46,'Katherine','','McGrath','KMcGrath','katherine.mcgrath@bvs.com','Female','1973-09-14 00:00:00','Mrs.McGrath',NULL,'9981200169','8800145659',1,NULL,'2018-08-02 08:08:19',NULL),(47,'Samantha','','Walker','SWalker','samantha.walker@bvs.com','Female','1972-05-12 00:00:00','Mrs.Walker',NULL,'9981200170','8800145660',1,NULL,'2018-08-02 08:08:19',NULL),(48,'Diane','','Avery','DAvery','diane.avery@bvs.com','Female','1970-04-11 00:00:00','Mrs.Avery',NULL,'9981200171','8800145661',1,NULL,'2018-08-02 08:08:19',NULL),(49,'Diane','','North','DNorth','diane.north@bvs.com','Female','1992-09-03 00:00:00','Mrs.North',NULL,'9981200172','8800145662',1,NULL,'2018-08-02 08:08:19',NULL),(50,'Amanda','','Gray','AGray','amanda.gray@bvs.com','Female','1983-11-21 00:00:00','Mrs.Gray',NULL,'9981200173','8800145663',1,NULL,'2018-08-02 08:08:19',NULL),(51,'Penelope','','Randall','PRandall','penelope.randall@bvs.com','Female','1980-02-28 00:00:00','Mrs.Randall',NULL,'9981200174','8800145664',1,NULL,'2018-08-02 08:08:19',NULL),(52,'Amanda','Fred','Mills','AFredMills','amanda.mills@bvs.com','Female','1991-07-19 00:00:00','Mrs.Mills',NULL,'9981200175','8800145665',1,NULL,'2018-08-02 08:08:19',NULL),(53,'Claire','','Hunter','CHunter','claire.hunter@bvs.com','Female','1992-09-03 00:00:00','Mrs.Hunter',NULL,'9981200176','8800145666',1,NULL,'2018-08-02 08:08:19',NULL),(54,'Abigail','','Fraser','AFraser','abigail.fraser@bvs.com','Female','1980-04-30 00:00:00','Mrs.Fraser',NULL,'9981200177','8800145667',1,NULL,'2018-08-02 08:08:19',NULL),(55,'Carol','','Simpson','CSimpson','carol.simpson@bvs.com','Female','1978-10-11 00:00:00','Mrs.Simpson',NULL,'9981200178','8800145668',1,NULL,'2018-08-02 08:08:19',NULL),(56,'Angela','','Stewart','AStewart','angela.stewart@bvs.com','Female','1994-10-04 00:00:00','Mrs.Stewart',NULL,'9981200179','8800145669',1,NULL,'2018-08-02 08:08:19',NULL),(57,'Lillian','','Coleman','LColeman','lillian.coleman@bvs.com','Female','1977-11-03 00:00:00','Mrs.Coleman',NULL,'9981200180','8800145670',1,NULL,'2018-08-02 08:08:19',NULL),(58,'Sonia','','Lee','SLee','sonia.lee@bvs.com','Female','1987-12-30 00:00:00','Mrs.Lee',NULL,'9981200181','8800145671',1,NULL,'2018-08-02 08:08:19',NULL),(59,'Anne','','Hardacre','AHardacre','anne.hardacre@bvs.com','Female','1983-08-05 00:00:00','Mrs.Hardacre',NULL,'9981200182','8800145672',1,NULL,'2018-08-02 08:08:19',NULL),(60,'Julia','','Greene','JGreene','julia.greene@bvs.com','Female','1971-02-01 00:00:00','Mrs.Greene',NULL,'9981200183','8800145673',1,NULL,'2018-08-02 08:08:19',NULL),(61,'Fiona','','Clarkson','FClarkson','fiona.clarkson@bvs.com','Female','1967-08-04 00:00:00','Mrs.Clarkson',NULL,'9981200184','8800145674',1,NULL,'2018-08-02 08:08:19',NULL),(62,'Joan','','Lee','JLee','joan.lee@bvs.com','Female','1983-03-13 00:00:00','Mrs.Lee',NULL,'9981200185','8800145675',1,NULL,'2018-08-02 08:08:19',NULL),(63,'Mary','','Bailey','MBailey','mary.bailey@bvs.com','Female','1970-12-05 00:00:00','Mrs.Bailey',NULL,'9981200186','8800145676',1,NULL,'2018-08-02 08:08:19',NULL),(64,'Anne','','Chapman','AChapman','anne.chapman@bvs.com','Female','1979-06-17 00:00:00','Mrs.Chapman',NULL,'9981200187','8800145677',1,NULL,'2018-08-02 08:08:19',NULL),(65,'Samantha','','Kelly','SKelly','samantha.kelly@bvs.com','Female','1965-05-31 00:00:00','Mrs.Kelly',NULL,'9981200188','8800145678',1,NULL,'2018-08-02 08:08:19',NULL),(66,'Pippa','Reil','Scott','PReilScott','pippa.scott@bvs.com','Female','1992-02-09 00:00:00','Mrs.Scott',NULL,'9981200189','8800145679',1,NULL,'2018-08-02 08:08:19',NULL),(67,'Jasmine','','Vance','JVance','jasmine.vance@bvs.com','Female','1974-12-29 00:00:00','Mrs.Vance',NULL,'9981200190','8800145680',1,NULL,'2018-08-02 08:08:19',NULL),(68,'Vanessa','','Thomson','VThomson','vanessa.thomson@bvs.com','Female','1986-04-27 00:00:00','Mrs.Thomson',NULL,'9981200191','8800145681',1,NULL,'2018-08-02 08:08:19',NULL),(69,'Bella','','James','BJames','bella.james@bvs.com','Female','1969-09-14 00:00:00','Mrs.James',NULL,'9981200192','8800145682',1,NULL,'2018-08-02 08:08:19',NULL),(70,'Wanda','','May','WMay','wanda.may@bvs.com','Female','1994-08-27 00:00:00','Mrs.May',NULL,'9981200193','8800145683',1,NULL,'2018-08-02 08:08:19',NULL),(71,'Dorothy','','May','DMay','dorothy.may@bvs.com','Female','1992-09-15 00:00:00','Mrs.May',NULL,'9981200194','8800145684',1,NULL,'2018-08-02 08:08:19',NULL),(72,'Megan','','Ross','MRoss','megan.ross@bvs.com','Female','1978-11-10 00:00:00','Mrs.Ross',NULL,'9981200195','8800145685',1,NULL,'2018-08-02 08:08:19',NULL),(73,'Rose','','Lambert','RLambert','rose.lambert@bvs.com','Female','1980-09-01 00:00:00','Mrs.Lambert',NULL,'9981200196','8800145686',1,NULL,'2018-08-02 08:08:19',NULL),(74,'Gabrielle','','Reid','GReid','gabrielle.reid@bvs.com','Female','1995-11-03 00:00:00','Mrs.Reid',NULL,'9981200197','8800145687',1,NULL,'2018-08-02 08:08:19',NULL),(75,'Jane','','Oliver','JOliver','jane.oliver@bvs.com','Female','1984-04-24 00:00:00','Mrs.Oliver',NULL,'9981200198','8800145688',1,NULL,'2018-08-02 08:08:19',NULL),(76,'Deirdre','','Hodges','DHodges','deirdre.hodges@bvs.com','Female','1971-06-25 00:00:00','Mrs.Hodges',NULL,'9981200199','8800145689',1,NULL,'2018-08-02 08:08:19',NULL),(77,'Amy','Erick','Grant','AErickGrant','amy.grant@bvs.com','Female','1979-07-22 00:00:00','Mrs.Grant',NULL,'9981200200','8800145690',1,NULL,'2018-08-02 08:08:19',NULL),(78,'Molly','','Ball','MBall','molly.ball@bvs.com','Female','1987-11-04 00:00:00','Mrs.Ball',NULL,'9981200201','8800145691',1,NULL,'2018-08-02 08:08:19',NULL),(79,'Faith','','Morgan','FMorgan','faith.morgan@bvs.com','Female','1969-05-18 00:00:00','Mrs.Morgan',NULL,'9981200202','8800145692',1,NULL,'2018-08-02 08:08:19',NULL),(80,'Dorothy','','Vance','DVance','dorothy.vance@bvs.com','Female','1975-06-19 00:00:00','Mrs.Vance',NULL,'9981200203','8800145693',1,NULL,'2018-08-02 08:08:19',NULL),(81,'Lillian','','Arnold','LArnold','lillian.arnold@bvs.com','Female','1966-03-30 00:00:00','Mrs.Arnold',NULL,'9981200205','8800145695',1,NULL,'2018-08-02 08:08:19',NULL),(82,'Wanda','','Tucker','WTucker','wanda.tucker@bvs.com','Female','1976-11-21 00:00:00','Mrs.Tucker',NULL,'9981200206','8800145696',1,NULL,'2018-08-02 08:08:19',NULL),(83,'Madeleine','','Abraham','MAbraham','madeleine.abraham@bvs.com','Female','1964-02-16 00:00:00','Mrs.Abraham',NULL,'9981200207','8800145697',1,NULL,'2018-08-02 08:08:19',NULL),(84,'Samantha','','Fraser','SFraser','samantha.fraser@bvs.com','Female','1971-03-29 00:00:00','Mrs.Fraser',NULL,'9981200208','8800145698',1,NULL,'2018-08-02 08:08:19',NULL),(85,'Carolyn','','Short','CShort','carolyn.short@bvs.com','Female','1979-06-18 00:00:00','Mrs.Short',NULL,'9981200209','8800145699',1,NULL,'2018-08-02 08:08:19',NULL),(86,'Grace','','Paterson','GPaterson','grace.paterson@bvs.com','Female','1971-04-30 00:00:00','Mrs.Paterson',NULL,'9981200210','8800145700',1,NULL,'2018-08-02 08:08:19',NULL),(87,'Rose','','Wallace','RWallace','rose.wallace@bvs.com','Female','1991-01-12 00:00:00','Mrs.Wallace',NULL,'9981200211','8800145701',1,NULL,'2018-08-02 08:08:19',NULL),(88,'Lauren','Mac','Grant','LMacGrant','lauren.grant@bvs.com','Female','1980-04-20 00:00:00','Mrs.Grant',NULL,'9981200212','8800145702',1,NULL,'2018-08-02 08:08:19',NULL),(89,'Kylie','','Metcalfe','KMetcalfe','kylie.metcalfe@bvs.com','Female','1987-01-21 00:00:00','Mrs.Metcalfe',NULL,'9981200213','8800145703',1,NULL,'2018-08-02 08:08:19',NULL),(90,'Chloe','','Forsyth','CForsyth','chloe.forsyth@bvs.com','Female','1962-04-30 00:00:00','Mrs.Forsyth',NULL,'9981200214','8800145704',1,NULL,'2018-08-02 08:08:19',NULL),(91,'Katherine','','Hamilton','KHamilton','katherine.hamilton@bvs.com','Female','1984-01-27 00:00:00','Mrs.Hamilton',NULL,'9981200215','8800145705',1,NULL,'2018-08-02 08:08:19',NULL),(92,'Irene','','White','IWhite','irene.white@bvs.com','Female','1991-11-01 00:00:00','Mrs.White',NULL,'9981200216','8800145706',1,NULL,'2018-08-02 08:08:19',NULL),(93,'Chloe','','Walsh','CWalsh','chloe.walsh@bvs.com','Female','1982-11-11 00:00:00','Mrs.Walsh',NULL,'9981200217','8800145707',1,NULL,'2018-08-02 08:08:19',NULL),(94,'Caroline','','Martin','CMartin','caroline.martin@bvs.com','Female','1982-05-18 00:00:00','Mrs.Stewart',NULL,'9981200218','8800145708',1,NULL,'2018-08-02 08:08:19',NULL),(95,'Trevor','','Wilkins','TWilkins','trevor.wilkins@bvs.com','Male','1993-06-12 00:00:00','Mr.Fisher',NULL,'9981200219','8800145709',1,NULL,'2018-08-02 08:08:19',NULL),(96,'Evan','','Mitchell','EMitchell','evan.mitchell@bvs.com','Male','1961-01-30 00:00:00','Mr.Harris',NULL,'9981200220','8800145710',1,NULL,'2018-08-02 08:08:19',NULL),(97,'Austin','','Springer','ASpringer','austin.springer@bvs.com','Male','1964-08-03 00:00:00','Mr.Anderson',NULL,'9981200221','8800145711',1,NULL,'2018-08-02 08:08:19',NULL),(98,'Dominic','','Cameron','DCameron','dominic.cameron@bvs.com','Male','1986-03-03 00:00:00','Mr.Hughes',NULL,'9981200222','8800145712',1,NULL,'2018-08-02 08:08:19',NULL),(99,'Ryan','','Paterson','RPaterson','ryan.paterson@bvs.com','Male','1965-12-27 00:00:00','Mr.Jackson',NULL,'9981200223','8800145713',1,NULL,'2018-08-02 08:08:19',NULL),(100,'Cameron','','Bower','CBower','cameron.bower@bvs.com','Male','1962-06-09 00:00:00','Mr.Gibson',NULL,'9981200226','8800145716',1,NULL,'2018-08-02 08:08:19',NULL),(101,'Dylan','','Dickens','DDickens','dylan.dickens@bvs.com','Male','1969-03-31 00:00:00','Mr.Russell',NULL,'9981200227','8800145717',1,NULL,'2018-08-02 08:08:19',NULL),(102,'Luke','Zack','McDonald','LZackMcDonald','luke.mcdonald@bvs.com','Male','1967-02-01 00:00:00','Mr.Bower',NULL,'9981200228','8800145718',1,NULL,'2018-08-02 08:08:19',NULL),(103,'Carl','','Hudson','CHudson','carl.hudson@bvs.com','Male','1985-11-06 00:00:00','Mr.Turner',NULL,'9981200229','8800145719',1,NULL,'2018-08-02 08:08:19',NULL),(104,'Justin','','Nash','JNash','justin.nash@bvs.com','Male','1983-04-20 00:00:00','Mr.Ferguson',NULL,'9981200231','8800145721',1,NULL,'2018-08-02 08:08:19',NULL),(105,'Connor','','Newman','CNewman','connor.newman@bvs.com','Male','1968-08-10 00:00:00','Mr.Springer',NULL,'9981200232','8800145722',1,NULL,'2018-08-02 08:08:19',NULL),(106,'John','','Paterson','JPaterson','john.paterson@bvs.com','Male','1977-09-20 00:00:00','Mr.Vance',NULL,'9981200233','8800145723',1,NULL,'2018-08-02 08:08:19',NULL),(107,'Joseph','','Piper','JPiper','joseph.piper@bvs.com','Male','1995-04-29 00:00:00','Mr.Vance',NULL,'9981200234','8800145724',1,NULL,'2018-08-02 08:08:19',NULL),(108,'Nicholas','','Jones','NJones','nicholas.jones@bvs.com','Male','1984-04-29 00:00:00','Mr.Buckland',NULL,'9981200235','8800145725',1,NULL,'2018-08-02 08:08:19',NULL),(109,'Stewart','','Baker','SBaker','stewart.baker@bvs.com','Male','1967-04-03 00:00:00','Mr.Lyman',NULL,'9981200236','8800145726',1,NULL,'2018-08-02 08:08:19',NULL),(110,'Charles','','Graham','CGraham','charles.graham@bvs.com','Male','1988-02-17 00:00:00','Mr.Cameron',NULL,'9981200237','8800145727',1,NULL,'2018-08-02 08:08:19',NULL),(111,'Alexander','','Payne','APayne','alexander.payne@bvs.com','Male','1971-06-28 00:00:00','Mr.Marshall',NULL,'9981200238','8800145728',1,NULL,'2018-08-02 08:08:19',NULL),(112,'Benjamin','','Wilson','BWilson','benjamin.wilson@bvs.com','Male','1963-01-01 00:00:00','Mr.Randall',NULL,'9981200239','8800145729',1,NULL,'2018-08-02 08:08:19',NULL),(113,'Blake','','Coleman','BColeman','blake.coleman@bvs.com','Male','1981-08-30 00:00:00','Mr.Ferguson',NULL,'9981200240','8800145730',1,NULL,'2018-08-02 08:08:19',NULL),(114,'Trevor','','Knox','TKnox','trevor.knox@bvs.com','Male','1962-12-06 00:00:00','Mr.Sharp',NULL,'9981200241','8800145731',1,NULL,'2018-08-02 08:08:19',NULL),(115,'Charles','Brown','Bower','CBrownBower','charles.bower@bvs.com','Male','1965-02-12 00:00:00','Mr.Edmunds',NULL,'9981200242','8800145732',1,NULL,'2018-08-02 08:08:19',NULL),(116,'Tim','','Bell','TBell','tim.bell@bvs.com','Male','1967-11-27 00:00:00','Mr.Bailey',NULL,'9981200243','8800145733',1,NULL,'2018-08-02 08:08:19',NULL),(117,'Nathan','','Thomson','NThomson','nathan.thomson@bvs.com','Male','1973-10-13 00:00:00','Mr.Allan',NULL,'9981200244','8800145734',1,NULL,'2018-08-02 08:08:19',NULL),(118,'Lucas','','Berry','LBerry','lucas.berry@bvs.com','Male','1962-12-08 00:00:00','Mr.Blake',NULL,'9981200245','8800145735',1,NULL,'2018-08-02 08:08:19',NULL),(119,'Christian','','Abraham','CAbraham','christian.abraham@bvs.com','Male','1963-09-09 00:00:00','Mr.Paige',NULL,'9981200246','8800145736',1,NULL,'2018-08-02 08:08:19',NULL),(120,'Phil','','Hamilton','PHamilton','phil.hamilton@bvs.com','Male','1990-10-06 00:00:00','Mr.Taylor',NULL,'9981200247','8800145737',1,NULL,'2018-08-02 08:08:19',NULL),(121,'Jake','','Bower','JBower','jake.bower@bvs.com','Male','1981-01-19 00:00:00','Mr.Simpson',NULL,'9981200248','8800145738',1,NULL,'2018-08-02 08:08:19',NULL),(122,'Kevin','','Cornish','KCornish','kevin.cornish@bvs.com','Male','1993-08-16 00:00:00','Mr.Ferguson',NULL,'9981200249','8800145739',1,NULL,'2018-08-02 08:08:19',NULL),(123,'Kevin','','Rampling','KRampling','kevin.rampling@bvs.com','Male','1989-04-05 00:00:00','Mr.Taylor',NULL,'9981200250','8800145740',1,NULL,'2018-08-02 08:08:19',NULL),(124,'Victor','','Ross','VRoss','victor.ross@bvs.com','Male','1979-02-12 00:00:00','Mr.Paige',NULL,'9981200251','8800145741',1,NULL,'2018-08-02 08:08:19',NULL),(125,'Nathan','','Davidson','NDavidson','nathan.davidson@bvs.com','Male','1991-06-09 00:00:00','Mr.Hunter',NULL,'9981200252','8800145742',1,NULL,'2018-08-02 08:08:19',NULL),(126,'Edward','','Lambert','ELambert','edward.lambert@bvs.com','Male','1995-09-05 00:00:00','Mr.James',NULL,'9981200253','8800145743',1,NULL,'2018-08-02 08:08:19',NULL),(127,'Joseph','','Kerr','JKerr','joseph.kerr@bvs.com','Male','1975-01-14 00:00:00','Mr.Sharp',NULL,'9981200254','8800145744',1,NULL,'2018-08-02 08:08:19',NULL),(128,'Christopher','','Johnston','CJohnston','christopher.johnston@bvs.com','Male','1989-11-15 00:00:00','Mr.Simpson',NULL,'9981200255','8800145745',1,NULL,'2018-08-02 08:08:19',NULL),(129,'Liam','','Mills','LMills','liam.mills@bvs.com','Male','1978-01-25 00:00:00','Mr.MacDonald',NULL,'9981200256','8800145746',1,NULL,'2018-08-02 08:08:19',NULL),(130,'Richard','','Pullman','RPullman','richard.pullman@bvs.com','Male','1983-03-09 00:00:00','Mr.Watson',NULL,'9981200257','8800145747',1,NULL,'2018-08-02 08:08:19',NULL),(131,'Adam','','Marshall','AMarshall','adam.marshall@bvs.com','Male','1970-08-17 00:00:00','Mr.Hamilton',NULL,'9981200259','8800145749',1,NULL,'2018-08-02 08:08:19',NULL),(132,'Stewart','','Forsyth','SForsyth','stewart.forsyth@bvs.com','Male','1988-12-24 00:00:00','Mr.Murray',NULL,'9981200260','8800145750',1,NULL,'2018-08-02 08:08:19',NULL),(133,'Connor','','Knox','CKnox','connor.knox@bvs.com','Male','1986-12-13 00:00:00','Mr.Alsop',NULL,'9981200261','8800145751',1,NULL,'2018-08-02 08:08:19',NULL),(134,'Gavin','','Thomson','GThomson','gavin.thomson@bvs.com','Male','1978-02-28 00:00:00','Mr.Baker',NULL,'9981200262','8800145752',1,NULL,'2018-08-02 08:08:19',NULL),(135,'Colin','','Hemmings','CHemmings','colin.hemmings@bvs.com','Male','1976-10-16 00:00:00','Mr.Berry',NULL,'9981200263','8800145753',1,NULL,'2018-08-02 08:08:19',NULL),(136,'Colin','kale','Cameron','CkaleCameron','colin.cameron@bvs.com','Male','1970-11-28 00:00:00','Mr.Henderson',NULL,'9981200264','8800145754',1,NULL,'2018-08-02 08:08:19',NULL),(137,'Dominic','','Dyer','DDyer','dominic.dyer@bvs.com','Male','1967-06-13 00:00:00','Mr.Wright',NULL,'9981200265','8800145755',1,NULL,'2018-08-02 08:08:19',NULL),(138,'Lucas','','Davies','LDavies','lucas.davies@bvs.com','Male','1969-10-02 00:00:00','Mr.Clark',NULL,'9981200266','8800145756',1,NULL,'2018-08-02 08:08:19',NULL),(139,'Joshua','','Langdon','JLangdon','joshua.langdon@bvs.com','Male','1961-09-09 00:00:00','Mr.McGrath',NULL,'9981200267','8800145757',1,NULL,'2018-08-02 08:08:19',NULL),(140,'Matt','','Parsons','MParsons','matt.parsons@bvs.com','Male','1961-02-15 00:00:00','Mr.Walker',NULL,'9981200268','8800145758',1,NULL,'2018-08-02 08:08:19',NULL),(141,'Nicholas','','Glover','NGlover','nicholas.glover@bvs.com','Male','1983-05-26 00:00:00','Mr.Avery',NULL,'9981200269','8800145759',1,NULL,'2018-08-02 08:08:19',NULL),(142,'Connor','','MacLeod','CMacLeod','connor.macleod@bvs.com','Male','1972-08-28 00:00:00','Mr.North',NULL,'9981200270','8800145760',1,NULL,'2018-08-02 08:08:19',NULL),(143,'Tim','','Ince','TInce','tim.ince@bvs.com','Male','1972-11-21 00:00:00','Mr.Gray',NULL,'9981200271','8800145761',1,NULL,'2018-08-02 08:08:19',NULL),(144,'Charles','','Ince','CInce','charles.ince@bvs.com','Male','1993-06-26 00:00:00','Mr.Randall',NULL,'9981200272','8800145762',1,NULL,'2018-08-02 08:08:19',NULL),(145,'Steven','','Alsop','SAlsop','steven.alsop@bvs.com','Male','1970-06-06 00:00:00','Mr.Mills',NULL,'9981200273','8800145763',1,NULL,'2018-08-02 08:08:19',NULL),(146,'Ian','','Graham','IGraham','ian.graham@bvs.com','Male','1990-08-03 00:00:00','Mr.Hunter',NULL,'9981200274','8800145764',1,NULL,'2018-08-02 08:08:19',NULL),(147,'Dominic','','Anderson','DAnderson','dominic.anderson@bvs.com','Male','1971-11-02 00:00:00','Mr.Fraser',NULL,'9981200275','8800145765',1,NULL,'2018-08-02 08:08:19',NULL),(148,'Gordon','','Graham','GGraham','gordon.graham@bvs.com','Male','1977-07-03 00:00:00','Mr.Simpson',NULL,'9981200276','8800145766',1,NULL,'2018-08-02 08:08:19',NULL),(149,'Dylan','','Kerr','DKerr','dylan.kerr@bvs.com','Male','1995-11-24 00:00:00','Mr.Stewart',NULL,'9981200277','8800145767',1,NULL,'2018-08-02 08:08:19',NULL),(150,'Adam','','Peters','APeters','adam.peters@bvs.com','Male','1986-08-15 00:00:00','Mr.Coleman',NULL,'9981200278','8800145768',1,NULL,'2018-08-02 08:08:19',NULL),(151,'Nathan','Shaw','Butler','NShawButler','nathan.butler@bvs.com','Male','1983-07-01 00:00:00','Mr.Lee',NULL,'9981200279','8800145769',1,NULL,'2018-08-02 08:08:19',NULL),(152,'Liam','','Howard','LHoward','liam.howard@bvs.com','Male','1986-12-01 00:00:00','Mr.Hardacre',NULL,'9981200280','8800145770',1,NULL,'2018-08-02 08:08:19',NULL),(153,'Sebastian','','Poole','SPoole','sebastian.poole@bvs.com','Male','1961-10-01 00:00:00','Mr.Greene',NULL,'9981200281','8800145771',1,NULL,'2018-08-02 08:08:19',NULL),(154,'Carl','','Edmunds','CEdmunds','carl.edmunds@bvs.com','Male','1969-07-25 00:00:00','Mr.Clarkson',NULL,'9981200282','8800145772',1,NULL,'2018-08-02 08:08:19',NULL),(155,'Charles','','Stewart','CStewart','charles.stewart@bvs.com','Male','1976-08-26 00:00:00','Mr.Lee',NULL,'9981200283','8800145773',1,NULL,'2018-08-02 08:08:19',NULL),(156,'Sam','','Coleman','SColeman','sam.coleman@bvs.com','Male','1963-11-30 00:00:00','Mr.Bailey',NULL,'9981200284','8800145774',1,NULL,'2018-08-02 08:08:19',NULL),(157,'Oliver','','Oliver','OOliver','oliver.oliver@bvs.com','Male','1986-03-15 00:00:00','Mr.Chapman',NULL,'9981200285','8800145775',1,NULL,'2018-08-02 08:08:19',NULL),(158,'Nicholas','','Bower','NBower','nicholas.bower@bvs.com','Male','1994-07-05 00:00:00','Mr.Kelly',NULL,'9981200286','8800145776',1,NULL,'2018-08-02 08:08:19',NULL),(159,'Simon','','Fisher','SFisher','simon.fisher@bvs.com','Male','1989-07-25 00:00:00','Mr.Vance',NULL,'9981200288','8800145778',1,NULL,'2018-08-02 08:08:19',NULL),(160,'Julian','','Dickens','JDickens','julian.dickens@bvs.com','Male','1986-07-28 00:00:00','Mr.Thomson',NULL,'9981200289','8800145779',1,NULL,'2018-08-02 08:08:19',NULL),(161,'Matt','','Rutherford','MRutherford','matt.rutherford@bvs.com','Male','1977-04-19 00:00:00','Mr.James',NULL,'9981200290','8800145780',1,NULL,'2018-08-02 08:08:19',NULL),(162,'Jonathan','','Walker','JWalker','jonathan.walker@bvs.com','Male','1980-04-26 00:00:00','Mr.May',NULL,'9981200291','8800145781',1,NULL,'2018-08-02 08:08:19',NULL),(163,'Andrew','','Oliver','AOliver','andrew.oliver@bvs.com','Male','1992-05-16 00:00:00','Mr.May',NULL,'9981200292','8800145782',1,NULL,'2018-08-02 08:08:19',NULL),(164,'Andrew','','Walker','AWalker','andrew.walker@bvs.com','Male','1971-12-05 00:00:00','Mr.Ross',NULL,'9981200293','8800145783',1,NULL,'2018-08-02 08:08:19',NULL),(165,'Nathan','','Mills','NMills','nathan.mills@bvs.com','Male','1981-06-30 00:00:00','Mr.Lambert',NULL,'9981200294','8800145784',1,NULL,'2018-08-02 08:08:19',NULL),(166,'Tim','Law','Baker','TLawBaker','tim.baker@bvs.com','Male','1995-02-25 00:00:00','Mr.Reid',NULL,'9981200295','8800145785',1,NULL,'2018-08-02 08:08:19',NULL),(167,'Lucas','','Lyman','LLyman','lucas.lyman@bvs.com','Male','1965-02-22 00:00:00','Mr.Oliver',NULL,'9981200296','8800145786',1,NULL,'2018-08-02 08:08:19',NULL),(168,'Liam','','McGrath','LMcGrath','liam.mcgrath@bvs.com','Male','1979-09-15 00:00:00','Mr.Hodges',NULL,'9981200297','8800145787',1,NULL,'2018-08-02 08:08:19',NULL),(169,'Peter','','Abraham','PAbraham','peter.abraham@bvs.com','Male','1982-05-11 00:00:00','Mr.Grant',NULL,'9981200298','8800145788',1,NULL,'2018-08-02 08:08:19',NULL),(170,'Neil','','Ince','NInce','neil.ince@bvs.com','Male','1987-10-02 00:00:00','Mr.Ball',NULL,'9981200299','8800145789',1,NULL,'2018-08-02 08:08:19',NULL),(171,'Dylan','','Harris','DHarris','dylan.harris@bvs.com','Male','1975-11-03 00:00:00','Mr.Morgan',NULL,'9981200300','8800145790',1,NULL,'2018-08-02 08:08:19',NULL),(172,'John','','Harris','JHarris','john.harris@bvs.com','Male','1977-02-27 00:00:00','Mr.McLean',NULL,'9981200302','8800145792',1,NULL,'2018-08-02 08:08:19',NULL),(173,'Ian','','Morgan','IMorgan','ian.morgan@bvs.com','Male','1963-06-22 00:00:00','Mr.Arnold',NULL,'9981200303','8800145793',1,NULL,'2018-08-02 08:08:19',NULL),(174,'Oliver','Donald','Rutherford','ODonaldRutherford','oliver.rutherford@bvs.com','Male','1991-10-29 00:00:00','Mr.Tucker',NULL,'9981200304','8800145794',1,NULL,'2018-08-02 08:08:19',NULL),(175,'Warren','','Dickens','WDickens','warren.dickens@bvs.com','Male','1993-09-06 00:00:00','Mr.Abraham',NULL,'9981200305','8800145795',1,NULL,'2018-08-02 08:08:19',NULL),(176,'Neil','','Butler','NButler','neil.butler@bvs.com','Male','1965-06-27 00:00:00','Mr.Fraser',NULL,'9981200306','8800145796',1,NULL,'2018-08-02 08:08:19',NULL),(177,'Alan','','Anderson','AAnderson','alan.anderson@bvs.com','Male','1980-09-23 00:00:00','Mr.Short',NULL,'9981200307','8800145797',1,NULL,'2018-08-02 08:08:19',NULL),(178,'Sean','','Skinner','SSkinner','sean.skinner@bvs.com','Male','1960-11-17 00:00:00','Mr.Paterson',NULL,'9981200308','8800145798',1,NULL,'2018-08-02 08:08:19',NULL),(179,'Tim','','Peters','TPeters','tim.peters@bvs.com','Male','1962-11-03 00:00:00','Mr.Wallace',NULL,'9981200309','8800145799',1,NULL,'2018-08-02 08:08:19',NULL),(180,'Phil','','Martin','PMartin','phil.martin@bvs.com','Male','1995-09-15 00:00:00','Mr.Grant',NULL,'9981200310','8800145800',1,NULL,'2018-08-02 08:08:19',NULL),(181,'Edward','','Carr','ECarr','edward.carr@bvs.com','Male','1967-11-20 00:00:00','Mr.Metcalfe',NULL,'9981200311','8800145801',1,NULL,'2018-08-02 08:08:19',NULL),(182,'Ryan','','Peake','RPeake','ryan.peake@bvs.com','Male','1970-12-29 00:00:00','Mr.Forsyth',NULL,'9981200312','8800145802',1,NULL,'2018-08-02 08:08:19',NULL),(183,'Stewart','','Paige','SPaige','stewart.paige@bvs.com','Male','1973-01-26 00:00:00','Mr.Hamilton',NULL,'9981200313','8800145803',1,NULL,'2018-08-02 08:08:19',NULL),(184,'Sean','','Langdon','SLangdon','sean.langdon@bvs.com','Male','1984-11-07 00:00:00','Mr.White',NULL,'9981200314','8800145804',1,NULL,'2018-08-02 08:08:19',NULL),(185,'Alexander','','Scott','AScott','alexander.scott@bvs.com','Male','1979-12-01 00:00:00','Mr.Walsh',NULL,'9981200315','8800145805',1,NULL,'2018-08-02 08:08:19',NULL),(186,'Liam','','Peake','LPeake','liam.peake@bvs.com','Male','1977-01-16 00:00:00','Mr.Martin',NULL,'9981200316','8800145806',1,NULL,'2018-08-02 08:08:19',NULL),(187,'Benjamin','','Hodges','BHodges','benjamin.hodges@bvs.com','Male','1968-12-13 00:00:00','Mr.Wilkins',NULL,'9981200317','8800145807',1,NULL,'2018-08-02 08:08:19',NULL),(188,'Michael','','Ogden','MOgden','michael.ogden@bvs.com','Male','1993-06-24 00:00:00','Mr.Mitchell',NULL,'9981200318','8800145808',1,NULL,'2018-08-02 08:08:19',NULL),(189,'Owen','','Piper','OPiper','owen.piper@bvs.com','Male','1965-07-15 00:00:00','Mr.Springer',NULL,'9981200319','8800145809',0,NULL,'2018-08-02 08:08:19',NULL),(190,'Adam','','Parr','AParr','adam.parr@bvs.com','Male','1965-09-25 00:00:00','Mr.Lyman',NULL,'9981200322','8800145812',0,NULL,'2018-08-02 08:08:19',NULL),(191,'Eric','','Arnold','EArnold','eric.arnold@bvs.com','Male','1993-04-19 00:00:00','Mr.Fraser',NULL,'9981200323','8800145813',0,NULL,'2018-08-02 08:08:19',NULL),(192,'Thomas','','Berry','TBerry','thomas.berry@bvs.com','Male','1975-09-02 00:00:00','Mr.Bower',NULL,'9981200324','8800145814',0,NULL,'2018-08-02 08:08:19',NULL),(193,'Dominic','Merc','Dickens','DMercDickens','dominic.dickens@bvs.com','Male','1966-04-12 00:00:00','Mr.Dickens',NULL,'9981200325','8800145815',0,NULL,'2018-08-02 08:08:19',NULL),(194,'Trevor','','Young','TYoung','trevor.young@bvs.com','Male','1994-04-15 00:00:00','Mr.McDonald',NULL,'9981200326','8800145816',0,NULL,'2018-08-02 08:08:19',NULL),(195,'Max','','Wilkins','MWilkins','max.wilkins@bvs.com','Male','1995-05-24 00:00:00','Mr.Hudson',NULL,'9981200327','8800145817',0,NULL,'2018-08-02 08:08:19',NULL),(196,'Peter','','Wright','PWright','peter.wright@bvs.com','Male','1975-09-03 00:00:00','Mr.Stewart',NULL,'9981200328','8800145818',0,NULL,'2018-08-02 08:08:19',NULL),(197,'Boris','','Fraser','BFraser','boris.fraser@bvs.com','Male','1975-08-25 00:00:00','Mr.Paterson',NULL,'9981200331','8800145821',-1,NULL,'2018-08-02 08:08:19',NULL),(198,'Andrew','','Cornish','ACornish','andrew.cornish@bvs.com','Male','1989-03-18 00:00:00','Mr.Piper',NULL,'9981200332','8800145822',-1,NULL,'2018-08-02 08:08:19',NULL),(199,'Andrew','','Hodges','AHodges','andrew.hodges@bvs.com','Male','1994-11-04 00:00:00','Mr.Jones',NULL,'9981200333','8800145823',-1,NULL,'2018-08-02 08:08:19',NULL),(200,'Neil','','Stewart','NStewart','neil.stewart@bvs.com','Male','1982-01-06 00:00:00','Mr.Baker',NULL,'9981200334','8800145824',-1,NULL,'2018-08-02 08:08:19',NULL),(201,'Trevor','','Newman','TNewman','trevor.newman@bvs.com','Male','1976-04-27 00:00:00','Mr.Graham',NULL,'9981200335','8800145825',-1,NULL,'2018-08-02 08:08:19',NULL),(202,'Jake','','Gibson','JGibson','jake.gibson@bvs.com','Male','1960-10-13 00:00:00','Mr.Payne',NULL,'9981200336','8800145826',-1,NULL,'2018-08-02 08:08:19',NULL),(203,'Gordon','','Simpson','GSimpson','gordon.simpson@bvs.com','Male','1965-08-16 00:00:00','Mr.Wilson',NULL,'9981200337','8800145827',-1,NULL,'2018-08-02 08:08:19',NULL);
/*!40000 ALTER TABLE `resident` ENABLE KEYS */;
UNLOCK TABLES;

--
-- Table structure for table `role`
--

DROP TABLE IF EXISTS `role`;
/*!40101 SET @saved_cs_client     = @@character_set_client */;
/*!40101 SET character_set_client = utf8 */;
CREATE TABLE `role` (
  `id` int(11) NOT NULL AUTO_INCREMENT,
  `role` varchar(50) COLLATE utf8mb4_unicode_ci NOT NULL,
  PRIMARY KEY (`id`)
) ENGINE=InnoDB AUTO_INCREMENT=13 DEFAULT CHARSET=utf8mb4 COLLATE=utf8mb4_unicode_ci;
/*!40101 SET character_set_client = @saved_cs_client */;

--
-- Dumping data for table `role`
--

LOCK TABLES `role` WRITE;
/*!40000 ALTER TABLE `role` DISABLE KEYS */;
INSERT INTO `role` VALUES (1,'Engineer'),(2,'Manager'),(3,'Director'),(4,'Admin'),(5,'SuperAdmin'),(6,'QA'),(7,'Guest'),(8,'Supplier'),(9,'ERT'),(10,'Maintenance');
/*!40000 ALTER TABLE `role` ENABLE KEYS */;
UNLOCK TABLES;

--
-- Table structure for table `rolepermission`
--

DROP TABLE IF EXISTS `rolepermission`;
/*!40101 SET @saved_cs_client     = @@character_set_client */;
/*!40101 SET character_set_client = utf8 */;
CREATE TABLE `rolepermission` (
  `id` int(11) NOT NULL AUTO_INCREMENT,
  `role_id` int(11) NOT NULL,
  `permission_id` int(11) NOT NULL,
  `created` datetime DEFAULT CURRENT_TIMESTAMP,
  `updated` datetime DEFAULT NULL ON UPDATE CURRENT_TIMESTAMP,
  PRIMARY KEY (`id`),
  UNIQUE KEY `uniq_role_permission` (`role_id`,`permission_id`),
  KEY `permissionPK` (`permission_id`),
  CONSTRAINT `permissionPK` FOREIGN KEY (`permission_id`) REFERENCES `permission` (`id`),
  CONSTRAINT `rolePK` FOREIGN KEY (`role_id`) REFERENCES `role` (`id`)
) ENGINE=InnoDB AUTO_INCREMENT=13 DEFAULT CHARSET=utf8mb4 COLLATE=utf8mb4_unicode_ci;
/*!40101 SET character_set_client = @saved_cs_client */;

--
-- Dumping data for table `rolepermission`
--

LOCK TABLES `rolepermission` WRITE;
/*!40000 ALTER TABLE `rolepermission` DISABLE KEYS */;
INSERT INTO `rolepermission` VALUES (11,9,10,'2018-08-19 13:11:35',NULL),(12,9,11,'2018-08-19 13:11:35',NULL);
/*!40000 ALTER TABLE `rolepermission` ENABLE KEYS */;
UNLOCK TABLES;

--
-- Table structure for table `rootcause`
--

DROP TABLE IF EXISTS `rootcause`;
/*!40101 SET @saved_cs_client     = @@character_set_client */;
/*!40101 SET character_set_client = utf8 */;
CREATE TABLE `rootcause` (
  `id` int(11) NOT NULL AUTO_INCREMENT,
  `rootCause` varchar(50) COLLATE utf8mb4_unicode_ci NOT NULL,
  PRIMARY KEY (`id`)
) ENGINE=InnoDB AUTO_INCREMENT=6 DEFAULT CHARSET=utf8mb4 COLLATE=utf8mb4_unicode_ci;
/*!40101 SET character_set_client = @saved_cs_client */;

--
-- Dumping data for table `rootcause`
--

LOCK TABLES `rootcause` WRITE;
/*!40000 ALTER TABLE `rootcause` DISABLE KEYS */;
INSERT INTO `rootcause` VALUES (1,'False'),(2,'Electrical'),(3,'Non-Electrical'),(4,'Personnel'),(5,'Others');
/*!40000 ALTER TABLE `rootcause` ENABLE KEYS */;
UNLOCK TABLES;

--
-- Table structure for table `title`
--

DROP TABLE IF EXISTS `title`;
/*!40101 SET @saved_cs_client     = @@character_set_client */;
/*!40101 SET character_set_client = utf8 */;
CREATE TABLE `title` (
  `id` int(11) NOT NULL AUTO_INCREMENT,
  `title` varchar(50) COLLATE utf8mb4_unicode_ci NOT NULL,
  PRIMARY KEY (`id`)
) ENGINE=InnoDB AUTO_INCREMENT=8 DEFAULT CHARSET=utf8mb4 COLLATE=utf8mb4_unicode_ci;
/*!40101 SET character_set_client = @saved_cs_client */;

--
-- Dumping data for table `title`
--

LOCK TABLES `title` WRITE;
/*!40000 ALTER TABLE `title` DISABLE KEYS */;
INSERT INTO `title` VALUES (1,'Engineer'),(2,'Sr.Engineer'),(3,'Manager'),(4,'Director'),(5,'Admin'),(6,'SuperAdmin'),(7,'QA');
/*!40000 ALTER TABLE `title` ENABLE KEYS */;
UNLOCK TABLES;

--
-- Table structure for table `todo`
--

DROP TABLE IF EXISTS `todo`;
/*!40101 SET @saved_cs_client     = @@character_set_client */;
/*!40101 SET character_set_client = utf8 */;
CREATE TABLE `todo` (
  `id` int(11) NOT NULL AUTO_INCREMENT,
  `task` text COLLATE utf8mb4_unicode_ci NOT NULL,
  `creator_id` int(11) DEFAULT '0',
  `owner_id` int(11) DEFAULT '0',
  `dueDate` datetime DEFAULT CURRENT_TIMESTAMP,
  `created` datetime DEFAULT CURRENT_TIMESTAMP,
  `updated` datetime DEFAULT NULL ON UPDATE CURRENT_TIMESTAMP,
  `status` enum('Open','Completed','OnHold') COLLATE utf8mb4_unicode_ci DEFAULT 'Open',
  `comment` text COLLATE utf8mb4_unicode_ci,
  PRIMARY KEY (`id`),
  KEY `creatorPK` (`creator_id`),
  KEY `ownerPK` (`owner_id`),
  CONSTRAINT `creatorPK` FOREIGN KEY (`creator_id`) REFERENCES `user` (`id`),
  CONSTRAINT `ownerPK` FOREIGN KEY (`owner_id`) REFERENCES `user` (`id`)
) ENGINE=InnoDB AUTO_INCREMENT=25 DEFAULT CHARSET=utf8mb4 COLLATE=utf8mb4_unicode_ci;
/*!40101 SET character_set_client = @saved_cs_client */;

--
-- Dumping data for table `todo`
--

LOCK TABLES `todo` WRITE;
/*!40000 ALTER TABLE `todo` DISABLE KEYS */;
INSERT INTO `todo` VALUES (1,'Check LAN cable in location 4089',13,6,'2018-08-04 00:00:00','2018-08-02 09:52:56',NULL,'Open',''),(2,'Replace BB Router in location 5012',13,7,'2018-08-05 00:00:00','2018-08-02 09:52:56',NULL,'OnHold','Router order placed; yet to receive items'),(3,'Get more spares of routers and panels',14,13,'2018-08-18 00:00:00','2018-08-02 09:52:56',NULL,'Open',''),(4,'Plan for Zone-6 and Zone-7 deployments',14,14,'2018-08-31 00:00:00','2018-08-02 09:52:56',NULL,'Open',''),(5,'Test todo new table',12,7,'2018-08-04 00:00:00','2018-08-03 20:36:47',NULL,'Open','test'),(6,'Second new test',8,4,'2018-08-10 00:00:00','2018-08-03 20:37:34',NULL,'Open','test'),(7,'3rd new test',2,4,'2018-08-08 00:00:00','2018-08-03 20:39:18',NULL,'Open','test'),(8,'4th new test',8,14,'2018-08-15 00:00:00','2018-08-03 20:41:00',NULL,'Open','test'),(9,'5th new testing',15,4,'2018-08-16 00:00:00','2018-08-03 20:50:05',NULL,'Open','test'),(10,'6th new test',12,16,'2018-08-09 00:00:00','2018-08-03 20:56:12',NULL,'Open','test'),(11,'7th new test',7,3,'2018-08-10 00:00:00','2018-08-03 20:58:37',NULL,'Open','test'),(12,'8th New task',4,14,'2018-08-10 00:00:00','2018-08-03 20:59:48',NULL,'Open','test'),(13,'9th new test',11,11,'2018-08-11 00:00:00','2018-08-03 21:08:16','2018-08-19 07:02:41','Completed',''),(14,'10th new test',8,11,'2018-08-10 00:00:00','2018-08-03 21:11:16',NULL,'Open','test'),(15,'11th new test',14,14,'2018-08-11 00:00:00','2018-08-03 21:12:05',NULL,'Open','test'),(16,'12th new test',3,7,'2018-08-04 00:00:00','2018-08-03 21:12:49',NULL,'Open','test'),(17,'13th new test',3,8,'2018-08-11 00:00:00','2018-08-03 21:14:48',NULL,'Open','test'),(18,'14th new tasj',7,3,'2018-08-04 00:00:00','2018-08-03 21:20:49',NULL,'Open','test'),(19,'15th tasj',8,3,'2018-08-03 00:00:00','2018-08-03 21:29:29',NULL,'Open',''),(20,'16th new task',4,8,'2018-08-23 00:00:00','2018-08-04 07:46:52',NULL,'Open','test'),(21,'17th new job',3,4,'2018-08-09 00:00:00','2018-08-04 07:55:30',NULL,'Open','test'),(22,'18th task',3,9,'2018-08-17 00:00:00','2018-08-04 07:59:50',NULL,'Open','te'),(23,'25th task',12,7,'2018-08-25 00:00:00','2018-08-06 08:53:41',NULL,'Open','test'),(24,'Test creator',18,12,'2018-08-20 00:00:00','2018-08-19 14:35:04',NULL,'Open','testing creator name auto set');
/*!40000 ALTER TABLE `todo` ENABLE KEYS */;
UNLOCK TABLES;

--
-- Table structure for table `user`
--

DROP TABLE IF EXISTS `user`;
/*!40101 SET @saved_cs_client     = @@character_set_client */;
/*!40101 SET character_set_client = utf8 */;
CREATE TABLE `user` (
  `id` int(11) NOT NULL AUTO_INCREMENT,
  `employeeID` varchar(30) COLLATE utf8mb4_unicode_ci NOT NULL DEFAULT '',
  `firstName` varchar(191) COLLATE utf8mb4_unicode_ci NOT NULL,
  `middleName` varchar(191) COLLATE utf8mb4_unicode_ci DEFAULT NULL,
  `lastName` varchar(191) COLLATE utf8mb4_unicode_ci NOT NULL,
  `userID` varchar(100) COLLATE utf8mb4_unicode_ci NOT NULL,
  `email` varchar(191) COLLATE utf8mb4_unicode_ci NOT NULL,
  `gender` enum('Female','Male','Both','Unknown','NA') COLLATE utf8mb4_unicode_ci DEFAULT 'NA',
  `title_id` int(11) DEFAULT NULL,
  `password` binary(60) DEFAULT NULL,
  `primaryContact` varchar(15) COLLATE utf8mb4_unicode_ci NOT NULL DEFAULT '',
  `alternateContact` varchar(15) COLLATE utf8mb4_unicode_ci DEFAULT '',
  `manager_id` int(11) NOT NULL,
  `usertype_id` int(11) NOT NULL,
  `role_id` int(11) NOT NULL,
  `status` tinyint(4) NOT NULL DEFAULT '-1',
  `created` datetime DEFAULT CURRENT_TIMESTAMP,
  `updated` datetime DEFAULT NULL ON UPDATE CURRENT_TIMESTAMP,
  PRIMARY KEY (`id`),
  UNIQUE KEY `employeeID` (`employeeID`),
  UNIQUE KEY `userID` (`userID`),
  KEY `title_idPK` (`title_id`),
  KEY `usertype_idPK` (`usertype_id`),
  KEY `role_idPK` (`role_id`),
  CONSTRAINT `role_idPK` FOREIGN KEY (`role_id`) REFERENCES `role` (`id`),
  CONSTRAINT `title_idPK` FOREIGN KEY (`title_id`) REFERENCES `title` (`id`),
  CONSTRAINT `usertype_idPK` FOREIGN KEY (`usertype_id`) REFERENCES `usertype` (`id`)
) ENGINE=InnoDB AUTO_INCREMENT=21 DEFAULT CHARSET=utf8mb4 COLLATE=utf8mb4_unicode_ci;
/*!40101 SET character_set_client = @saved_cs_client */;

--
-- Dumping data for table `user`
--

LOCK TABLES `user` WRITE;
/*!40000 ALTER TABLE `user` DISABLE KEYS */;
INSERT INTO `user` VALUES (1,'C1001','Trevor','W','Wilkins','trevwwilkins','trevor.wilkins@bvs.com','Male',1,'$2y$10$D3Nr4rTvNOjmatj1w2WXIuPyWi4Ek5mbh94TFxJ.zhPFtSRnrRC6u','7700101947','8810001889',13,1,1,1,'2018-08-02 09:39:05','2018-08-11 18:00:49'),(2,'C1002','Evan','M','Mitchell','evanmmitchell','evan.mitchell@bvs.com','Male',1,'$2y$10$d0odVkVTrwFL.0i/1dHS5OhwhYsoWozz8BJm0ZRNyUP.nYZCfxcgm','7700101948','8810001890',13,1,1,1,'2018-08-02 09:39:05','2018-08-11 22:13:09'),(3,'C1003','Austin','S','Springer','austsspringer','austin.springer@bvs.com','Male',1,'$2y$10$2NqZQ8LnkBu9LMPIIkUoJu/LOW2C/xvjyglR1ffCG4RYlbn5ERZXe','7700101949','8810001891',13,1,1,1,'2018-08-02 09:39:05','2018-08-11 22:17:05'),(4,'C1004','Dominic','C','Cameron','domiccameron','dominic.cameron@bvs.com','Male',1,'f123\0\0\0\0\0\0\0\0\0\0\0\0\0\0\0\0\0\0\0\0\0\0\0\0\0\0\0\0\0\0\0\0\0\0\0\0\0\0\0\0\0\0\0\0\0\0\0\0\0\0\0\0\0\0\0\0','7700101950','8810001892',13,1,1,1,'2018-08-02 09:39:05',NULL),(5,'C1005','Ryan','P','Paterson','ryanppaterson','ryan.paterson@bvs.com','Male',7,'f123\0\0\0\0\0\0\0\0\0\0\0\0\0\0\0\0\0\0\0\0\0\0\0\0\0\0\0\0\0\0\0\0\0\0\0\0\0\0\0\0\0\0\0\0\0\0\0\0\0\0\0\0\0\0\0\0','7700101951','8810001893',13,1,1,1,'2018-08-02 09:39:05',NULL),(6,'C1006','Michael','L','Lyman','michllyman','michael.lyman@bvs.com','Male',1,'f123\0\0\0\0\0\0\0\0\0\0\0\0\0\0\0\0\0\0\0\0\0\0\0\0\0\0\0\0\0\0\0\0\0\0\0\0\0\0\0\0\0\0\0\0\0\0\0\0\0\0\0\0\0\0\0\0','7700101952','8810001894',13,1,1,1,'2018-08-02 09:39:05',NULL),(7,'C1007','Anthony','F','Fraser','anthffraser','anthony.fraser@bvs.com','Male',1,'$2y$10$5k6cMDNtJ6arkUAFK6UqweS8GnMnWwEjcJy3M0/FbOOhtWVQyyyTW','7700101953','8810001895',13,2,1,1,'2018-08-02 09:39:05','2018-08-12 06:46:49'),(8,'C1008','Cameron','B','Bower','camebbower','cameron.bower@bvs.com','Male',1,'f123\0\0\0\0\0\0\0\0\0\0\0\0\0\0\0\0\0\0\0\0\0\0\0\0\0\0\0\0\0\0\0\0\0\0\0\0\0\0\0\0\0\0\0\0\0\0\0\0\0\0\0\0\0\0\0\0','7700101954','8810001896',13,2,1,1,'2018-08-02 09:39:05',NULL),(9,'C1009','Dylan','D','Dickens','dyladdickens','dylan.dickens@bvs.com','Male',2,'f123\0\0\0\0\0\0\0\0\0\0\0\0\0\0\0\0\0\0\0\0\0\0\0\0\0\0\0\0\0\0\0\0\0\0\0\0\0\0\0\0\0\0\0\0\0\0\0\0\0\0\0\0\0\0\0\0','7700101955','8810001897',13,2,1,1,'2018-08-02 09:39:05',NULL),(10,'C1010','Luke','M','McDonald','lukemmcdonald','luke.mcdonald@bvs.com','Male',2,'f123\0\0\0\0\0\0\0\0\0\0\0\0\0\0\0\0\0\0\0\0\0\0\0\0\0\0\0\0\0\0\0\0\0\0\0\0\0\0\0\0\0\0\0\0\0\0\0\0\0\0\0\0\0\0\0\0','7700101956','8810001898',13,1,1,1,'2018-08-02 09:39:05',NULL),(11,'C1011','Carl','H','Hudson','carlhhudson','carl.hudson@bvs.com','Male',2,'f123\0\0\0\0\0\0\0\0\0\0\0\0\0\0\0\0\0\0\0\0\0\0\0\0\0\0\0\0\0\0\0\0\0\0\0\0\0\0\0\0\0\0\0\0\0\0\0\0\0\0\0\0\0\0\0\0','7700101957','8810001899',13,1,1,1,'2018-08-02 09:39:05',NULL),(12,'C1012','Adrian','S','Stewart','adrisstewart','adrian.stewart@bvs.com','Male',1,'f123\0\0\0\0\0\0\0\0\0\0\0\0\0\0\0\0\0\0\0\0\0\0\0\0\0\0\0\0\0\0\0\0\0\0\0\0\0\0\0\0\0\0\0\0\0\0\0\0\0\0\0\0\0\0\0\0','7700101958','8810001900',13,1,1,1,'2018-08-02 09:39:05',NULL),(13,'C1013','Justin','N','Nash','justnnash','justin.nash@bvs.com','Male',3,'f123\0\0\0\0\0\0\0\0\0\0\0\0\0\0\0\0\0\0\0\0\0\0\0\0\0\0\0\0\0\0\0\0\0\0\0\0\0\0\0\0\0\0\0\0\0\0\0\0\0\0\0\0\0\0\0\0','7700101959','8810001901',14,1,1,1,'2018-08-02 09:39:05',NULL),(14,'C1014','Connor','N','Newman','connnnewman','connor.newman@bvs.com','Male',4,'f123\0\0\0\0\0\0\0\0\0\0\0\0\0\0\0\0\0\0\0\0\0\0\0\0\0\0\0\0\0\0\0\0\0\0\0\0\0\0\0\0\0\0\0\0\0\0\0\0\0\0\0\0\0\0\0\0','7700101960','8810001902',14,1,1,1,'2018-08-02 09:39:05',NULL),(15,'C1015','John','P','Paterson','johnppaterson','john.paterson@bvs.com','Male',5,'f123\0\0\0\0\0\0\0\0\0\0\0\0\0\0\0\0\0\0\0\0\0\0\0\0\0\0\0\0\0\0\0\0\0\0\0\0\0\0\0\0\0\0\0\0\0\0\0\0\0\0\0\0\0\0\0\0','7700101961','8810001903',13,1,1,1,'2018-08-02 09:39:05',NULL),(16,'C1020','Ramki','S','Seenu','rseenu','rseenu@bvs.com','Male',6,'$2y$10$2wjdjSlGifph/.rfAtjn8u58OYkmjMewx1d65iOaw8XXFd.qb7onW','7700101966','8810001908',14,1,6,1,'2018-08-02 09:39:05','2018-08-19 10:08:44'),(17,'C1021','Suni','S','Ram','sram','sram@bvs.com','Female',5,'$2y$10$mBHZ/hY.qe5HizMP4.3m5uCEoycVo1aZn9CLuSn4blEjjADxje1Oy','7700101967','8810001909',13,1,1,1,'2018-08-02 09:39:05','2018-08-11 17:53:21'),(18,'C1022','Tejas','R','Ram','tram','tram@test.com','NA',6,'$2y$10$ZAkNOlNpEG3b0GuvbrZuguUMo1gxAwQ44jcH5M/9/p/YU1UywMj7O','9981200121','8892311231',13,1,5,1,'2018-08-03 16:50:42','2018-08-11 13:25:47'),(20,'C1023','Rama','P','V','rpvv','rpvv@test.com','NA',1,'$2y$10$CtyQVvB1sRr1wa7XOKI3BO6MDUKlris.PC1ZI34yDgyNq33WURIoK','7700101947','8810001889',13,1,1,0,'2018-08-04 09:39:34','2018-08-11 14:55:18');
/*!40000 ALTER TABLE `user` ENABLE KEYS */;
UNLOCK TABLES;

--
-- Table structure for table `usertype`
--

DROP TABLE IF EXISTS `usertype`;
/*!40101 SET @saved_cs_client     = @@character_set_client */;
/*!40101 SET character_set_client = utf8 */;
CREATE TABLE `usertype` (
  `id` int(11) NOT NULL AUTO_INCREMENT,
  `userType` varchar(50) COLLATE utf8mb4_unicode_ci NOT NULL,
  PRIMARY KEY (`id`)
) ENGINE=InnoDB AUTO_INCREMENT=5 DEFAULT CHARSET=utf8mb4 COLLATE=utf8mb4_unicode_ci;
/*!40101 SET character_set_client = @saved_cs_client */;

--
-- Dumping data for table `usertype`
--

LOCK TABLES `usertype` WRITE;
/*!40000 ALTER TABLE `usertype` DISABLE KEYS */;
INSERT INTO `usertype` VALUES (1,'Employee'),(2,'Contractor'),(3,'Guest'),(4,'Supplier');
/*!40000 ALTER TABLE `usertype` ENABLE KEYS */;
UNLOCK TABLES;

--
-- Table structure for table `zone`
--

DROP TABLE IF EXISTS `zone`;
/*!40101 SET @saved_cs_client     = @@character_set_client */;
/*!40101 SET character_set_client = utf8 */;
CREATE TABLE `zone` (
  `id` int(11) NOT NULL AUTO_INCREMENT,
  `zone` varchar(48) COLLATE utf8mb4_unicode_ci NOT NULL,
  `status` tinyint(4) DEFAULT '1',
  `comment` text COLLATE utf8mb4_unicode_ci,
  PRIMARY KEY (`id`),
  UNIQUE KEY `zone` (`zone`)
) ENGINE=InnoDB AUTO_INCREMENT=7 DEFAULT CHARSET=utf8mb4 COLLATE=utf8mb4_unicode_ci;
/*!40101 SET character_set_client = @saved_cs_client */;

--
-- Dumping data for table `zone`
--

LOCK TABLES `zone` WRITE;
/*!40000 ALTER TABLE `zone` DISABLE KEYS */;
INSERT INTO `zone` VALUES (1,'Zone-1',1,'test'),(2,'Zone-2',1,''),(3,'Zone-3',1,''),(4,'Zone-4',1,''),(5,'Zone-5',-1,'To be configured'),(6,'Zone-6',1,'test zone-6');
/*!40000 ALTER TABLE `zone` ENABLE KEYS */;
UNLOCK TABLES;

--
-- Dumping events for database 'hootusx'
--
/*!50106 SET @save_time_zone= @@TIME_ZONE */ ;
/*!50106 DROP EVENT IF EXISTS `statusCheck` */;
DELIMITER ;;
/*!50003 SET @saved_cs_client      = @@character_set_client */ ;;
/*!50003 SET @saved_cs_results     = @@character_set_results */ ;;
/*!50003 SET @saved_col_connection = @@collation_connection */ ;;
/*!50003 SET character_set_client  = latin1 */ ;;
/*!50003 SET character_set_results = latin1 */ ;;
/*!50003 SET collation_connection  = latin1_swedish_ci */ ;;
/*!50003 SET @saved_sql_mode       = @@sql_mode */ ;;
/*!50003 SET sql_mode              = 'STRICT_ALL_TABLES,NO_ZERO_IN_DATE,NO_ZERO_DATE,ERROR_FOR_DIVISION_BY_ZERO,NO_AUTO_CREATE_USER' */ ;;
/*!50003 SET @saved_time_zone      = @@time_zone */ ;;
/*!50003 SET time_zone             = 'SYSTEM' */ ;;
/*!50106 CREATE*/ /*!50117 DEFINER=`root`@`localhost`*/ /*!50106 EVENT `statusCheck` ON SCHEDULE EVERY 6 SECOND STARTS '2018-08-18 17:06:45' ON COMPLETION NOT PRESERVE ENABLE DO BEGIN
                          SET @timenow = NOW();
                          UPDATE `hootusX`.`location` SET `status` = 0
                          WHERE `panelID` IS NOT NULL AND `status` != -1 AND `lastStatusUpdate` < DATE_SUB(@timenow, INTERVAL @healthTimerValue SECOND);

                          UPDATE `hootusX`.`location` SET `status` = 1
                          WHERE `panelID` IS NOT NULL AND `status` != -1 AND `lastStatusUpdate` > DATE_SUB(@timenow, INTERVAL @healthTimerValue SECOND);
                        END */ ;;
/*!50003 SET time_zone             = @saved_time_zone */ ;;
/*!50003 SET sql_mode              = @saved_sql_mode */ ;;
/*!50003 SET character_set_client  = @saved_cs_client */ ;;
/*!50003 SET character_set_results = @saved_cs_results */ ;;
/*!50003 SET collation_connection  = @saved_col_connection */ ;;
DELIMITER ;
/*!50106 SET TIME_ZONE= @save_time_zone */ ;

--
-- Dumping routines for database 'hootusx'
--
/*!40103 SET TIME_ZONE=@OLD_TIME_ZONE */;

/*!40101 SET SQL_MODE=@OLD_SQL_MODE */;
/*!40014 SET FOREIGN_KEY_CHECKS=@OLD_FOREIGN_KEY_CHECKS */;
/*!40014 SET UNIQUE_CHECKS=@OLD_UNIQUE_CHECKS */;
/*!40101 SET CHARACTER_SET_CLIENT=@OLD_CHARACTER_SET_CLIENT */;
/*!40101 SET CHARACTER_SET_RESULTS=@OLD_CHARACTER_SET_RESULTS */;
/*!40101 SET COLLATION_CONNECTION=@OLD_COLLATION_CONNECTION */;
/*!40111 SET SQL_NOTES=@OLD_SQL_NOTES */;

-- Dump completed on 2018-08-19 14:51:19
