INSERT INTO `hootusx`.`zone` (zone,status,comment)
VALUES 
('Zone-1',1, ''),
('Zone-2',1, ''),
('Zone-3',1, ''),
('Zone-4',1, ''),
('Zone-5',-1, 'To be configured');

/*INSERT INTO `hootusx`.`alarmtype` (alarmType)
VALUES 
('Real'),
('False'),
('Transient'),
('Demo');*/


INSERT INTO `hootusx`.`rootcause` (rootCause)
VALUES 
('False'),
('Electrical'),
('Non-Electrical'),
('Personnel'),
('Others');

INSERT INTO `hootusx`.`apptimers` (popupTimer, healthTimer)
VALUES 
(60,6);




INSERT INTO `hootusx`.`location` (zone_id, locationID, deviceID, locationName, comment, status, lastStatusUpdate, lastAlarm, lastAlarmTime)
VALUES
(1,4001,6001,'Location-4001','check bb router',1,CURRENT_TIMESTAMP(),0,'2018-07-25 04:44:53'),
(1,4002,6002,'Location-4002','change lan cable',1,CURRENT_TIMESTAMP(),0,'2018-07-29 03:08:51'),
(1,4003,6003,'Location-4003','update resident primary number',1,CURRENT_TIMESTAMP(),0,'2018-07-30 07:54:45'),
(1,4004,6004,'Location-4004','xyz',1,CURRENT_TIMESTAMP(),1,'2018-07-27 10:48:17'),
(1,4005,6005,'Location-4005','xyz',1,CURRENT_TIMESTAMP(),0,'2018-07-25 10:08:40'),
(1,4006,6006,'Location-4006','xyz',1,CURRENT_TIMESTAMP(),1,'2018-07-31 04:23:08'),
(1,4007,6007,'Location-4007','xyz',1,CURRENT_TIMESTAMP(),0,'2018-07-31 10:07:23'),
(1,4008,6008,'Location-4008','xyz',1,CURRENT_TIMESTAMP(),1,'2018-07-29 12:26:35'),
(1,4009,6009,'Location-4009','xyz',1,CURRENT_TIMESTAMP(),0,'2018-07-31 03:36:48'),
(1,4010,6010,'Location-4010','xyz',1,CURRENT_TIMESTAMP(),1,'2018-07-26 00:11:23'),
(1,4011,6011,'Location-4011','xyz',1,CURRENT_TIMESTAMP(),1,'2018-07-31 14:31:53'),
(1,4012,6012,'Location-4012','xyz',1,CURRENT_TIMESTAMP(),1,'2018-07-31 11:26:18'),
(1,4013,6013,'Location-4013','xyz',1,CURRENT_TIMESTAMP(),1,'2018-07-30 03:40:15'),
(1,4014,6014,'Location-4014','xyz',1,CURRENT_TIMESTAMP(),1,'2018-07-27 10:43:08'),
(1,4015,6015,'Location-4015','xyz',1,CURRENT_TIMESTAMP(),0,'2018-07-29 02:27:22'),
(1,4016,6016,'Location-4016','xyz',1,CURRENT_TIMESTAMP(),0,'2018-07-25 13:46:09'),
(1,4017,6017,'Location-4017','xyz',1,CURRENT_TIMESTAMP(),1,'2018-07-28 12:02:19'),
(1,4018,6018,'Location-4018','xyz',1,CURRENT_TIMESTAMP(),1,'2018-07-28 18:02:04'),
(1,4019,6019,'Location-4019','xyz',1,CURRENT_TIMESTAMP(),1,'2018-07-31 15:35:21'),
(1,4020,6020,'Location-4020','xyz',1,CURRENT_TIMESTAMP(),0,'2018-07-27 21:58:16'),
(1,4021,6021,'Location-4021','xyz',1,CURRENT_TIMESTAMP(),0,'2018-07-26 10:30:27'),
(1,4022,6022,'Location-4022','xyz',1,CURRENT_TIMESTAMP(),1,'2018-07-26 15:48:42'),
(1,4023,6023,'Location-4023','xyz',1,CURRENT_TIMESTAMP(),1,'2018-07-26 22:32:54'),
(1,4024,6024,'Location-4024','xyz',1,CURRENT_TIMESTAMP(),1,'2018-07-27 03:42:05'),
(1,4025,6025,'Location-4025','xyz',1,CURRENT_TIMESTAMP(),1,'2018-07-27 20:13:06'),
(1,4026,6026,'Location-4026','xyz',1,CURRENT_TIMESTAMP(),1,'2018-07-31 08:21:42'),
(1,4027,6027,'Location-4027','xyz',1,CURRENT_TIMESTAMP(),0,'2018-07-29 00:38:40'),
(1,4028,6028,'Location-4028','xyz',-1,CURRENT_TIMESTAMP(),1,'2018-07-28 05:56:31'),
(1,4029,6029,'Location-4029','xyz',-1,CURRENT_TIMESTAMP(),1,'2018-07-25 08:43:12'),
(1,4030,6030,'Location-4030','xyz',0,CURRENT_TIMESTAMP(),0,'2018-07-28 18:53:02'),
(1,4031,6031,'Location-4031','xyz',0,CURRENT_TIMESTAMP(),1,'2018-07-29 23:32:52'),
(1,4032,6032,'Location-4032','xyz',0,CURRENT_TIMESTAMP(),1,'2018-07-29 20:27:24'),
(1,4033,6033,'Location-4033','xyz',0,CURRENT_TIMESTAMP(),1,'2018-07-26 06:26:28'),
(1,4034,6034,'Location-4034','xyz',0,CURRENT_TIMESTAMP(),1,'2018-07-31 09:58:03'),
(1,4035,6035,'Location-4035','xyz',0,CURRENT_TIMESTAMP(),1,'2018-07-30 07:21:15'),
(1,4036,6036,'Location-4036','xyz',0,CURRENT_TIMESTAMP(),0,'2018-07-28 14:12:18'),
(1,4037,6037,'Location-4037','xyz',0,CURRENT_TIMESTAMP(),0,'2018-07-30 07:22:05'),
(1,4038,6038,'Location-4038','xyz',0,CURRENT_TIMESTAMP(),0,'2018-08-01 00:13:24'),
(1,4039,6039,'Location-4039','xyz',0,CURRENT_TIMESTAMP(),1,'2018-07-28 00:26:41'),
(1,4040,6040,'Location-4040','xyz',0,CURRENT_TIMESTAMP(),0,'2018-07-30 14:10:45'),
(1,4041,6041,'Location-4041','xyz',0,CURRENT_TIMESTAMP(),0,'2018-07-26 02:25:39'),
(1,4042,6042,'Location-4042','xyz',0,CURRENT_TIMESTAMP(),1,'2018-07-30 04:38:58'),
(1,4043,6043,'Location-4043','xyz',0,CURRENT_TIMESTAMP(),0,'2018-07-25 23:06:44'),
(1,4044,6044,'Location-4044','xyz',0,CURRENT_TIMESTAMP(),0,'2018-07-30 05:41:30'),
(1,4045,6045,'Location-4045','xyz',0,CURRENT_TIMESTAMP(),1,'2018-07-30 04:23:58'),
(1,4046,6046,'Location-4046','xyz',1,CURRENT_TIMESTAMP(),0,'2018-07-29 10:25:17'),
(1,4047,6047,'Location-4047','xyz',1,CURRENT_TIMESTAMP(),0,'2018-07-30 00:08:46'),
(1,4048,6048,'Location-4048','xyz',1,CURRENT_TIMESTAMP(),0,'2018-07-30 10:28:38'),
(1,4049,6049,'Location-4049','xyz',1,CURRENT_TIMESTAMP(),0,'2018-07-26 05:19:25'),
(2,4050,6050,'Location-4050','xyz',1,CURRENT_TIMESTAMP(),0,'2018-07-26 18:58:57'),
(2,4051,6051,'Location-4051','xyz',1,CURRENT_TIMESTAMP(),1,'2018-07-29 03:12:16'),
(2,4052,6052,'Location-4052','xyz',1,CURRENT_TIMESTAMP(),1,'2018-07-31 17:39:33'),
(2,4053,6053,'Location-4053','xyz',1,CURRENT_TIMESTAMP(),1,'2018-07-28 11:04:32'),
(2,4054,6054,'Location-4054','xyz',-1,CURRENT_TIMESTAMP(),0,'2018-07-30 00:20:10'),
(2,4055,6055,'Location-4055','xyz',-1,CURRENT_TIMESTAMP(),1,'2018-07-27 21:50:58'),
(2,4056,6056,'Location-4056','xyz',0,CURRENT_TIMESTAMP(),0,'2018-07-29 08:24:24'),
(2,4057,6057,'Location-4057','xyz',0,CURRENT_TIMESTAMP(),1,'2018-07-31 21:58:45'),
(2,4058,6058,'Location-4058','xyz',-1,CURRENT_TIMESTAMP(),0,'2018-07-31 22:42:19'),
(2,4059,6059,'Location-4059','xyz',1,CURRENT_TIMESTAMP(),0,'2018-07-27 06:45:06'),
(2,4060,6060,'Location-4060','xyz',1,CURRENT_TIMESTAMP(),1,'2018-07-27 23:06:36'),
(2,4061,6061,'Location-4061','xyz',1,CURRENT_TIMESTAMP(),1,'2018-07-31 13:47:22'),
(2,4062,6062,'Location-4062','xyz',1,CURRENT_TIMESTAMP(),1,'2018-07-29 11:19:52'),
(2,4063,6063,'Location-4063','xyz',1,CURRENT_TIMESTAMP(),0,'2018-07-28 12:42:47'),
(2,4064,6064,'Location-4064','xyz',1,CURRENT_TIMESTAMP(),1,'2018-07-26 23:51:01'),
(2,4065,6065,'Location-4065','xyz',1,CURRENT_TIMESTAMP(),1,'2018-07-26 16:09:56'),
(2,4066,6066,'Location-4066','xyz',1,CURRENT_TIMESTAMP(),1,'2018-07-29 03:46:08'),
(2,4067,6067,'Location-4067','xyz',1,CURRENT_TIMESTAMP(),1,'2018-07-30 20:19:12'),
(2,4068,6068,'Location-4068','xyz',1,CURRENT_TIMESTAMP(),1,'2018-07-30 20:05:56'),
(2,4069,6069,'Location-4069','xyz',1,CURRENT_TIMESTAMP(),1,'2018-07-26 16:42:28'),
(2,4070,6070,'Location-4070','xyz',1,CURRENT_TIMESTAMP(),1,'2018-07-30 10:40:52'),
(2,4071,6071,'Location-4071','xyz',1,CURRENT_TIMESTAMP(),0,'2018-07-25 19:47:16'),
(2,4072,6072,'Location-4072','xyz',1,CURRENT_TIMESTAMP(),0,'2018-07-30 09:23:19'),
(2,4073,6073,'Location-4073','xyz',1,CURRENT_TIMESTAMP(),1,'2018-07-28 01:59:36'),
(2,4074,6074,'Location-4074','xyz',1,CURRENT_TIMESTAMP(),1,'2018-07-26 06:24:43'),
(2,4075,6075,'Location-4075','xyz',1,CURRENT_TIMESTAMP(),1,'2018-07-31 11:57:14'),
(2,4076,6076,'Location-4076','xyz',1,CURRENT_TIMESTAMP(),0,'2018-07-25 14:15:07'),
(2,4077,6077,'Location-4077','xyz',1,CURRENT_TIMESTAMP(),1,'2018-07-27 05:02:49'),
(2,4078,6078,'Location-4078','xyz',1,CURRENT_TIMESTAMP(),1,'2018-08-01 01:09:47'),
(2,4079,6079,'Location-4079','xyz',1,CURRENT_TIMESTAMP(),0,'2018-07-29 13:32:09'),
(2,4080,6080,'Location-4080','xyz',1,CURRENT_TIMESTAMP(),0,'2018-07-30 06:40:21'),
(2,4081,6081,'Location-4081','xyz',1,CURRENT_TIMESTAMP(),1,'2018-07-26 11:37:34'),
(2,4082,6082,'Location-4082','xyz',1,CURRENT_TIMESTAMP(),1,'2018-07-29 01:43:34'),
(2,4083,6083,'Location-4083','xyz',1,CURRENT_TIMESTAMP(),0,'2018-07-31 10:17:41'),
(2,4084,6084,'Location-4084','xyz',1,CURRENT_TIMESTAMP(),1,'2018-07-31 02:33:49'),
(2,4085,6085,'Location-4085','xyz',1,CURRENT_TIMESTAMP(),1,'2018-07-30 18:45:08'),
(2,4086,6086,'Location-4086','xyz',-1,CURRENT_TIMESTAMP(),1,'2018-07-26 19:33:26'),
(2,4087,6087,'Location-4087','xyz',-1,CURRENT_TIMESTAMP(),1,'2018-07-29 09:21:55'),
(2,4088,6088,'Location-4088','xyz',0,CURRENT_TIMESTAMP(),1,'2018-07-25 08:03:58'),
(2,4089,6089,'Location-4089','xyz',0,CURRENT_TIMESTAMP(),0,'2018-07-27 18:45:42'),
(2,4090,6090,'Location-4090','xyz',0,CURRENT_TIMESTAMP(),1,'2018-07-28 21:35:40'),
(2,4091,6091,'Location-4091','xyz',0,CURRENT_TIMESTAMP(),1,'2018-07-28 16:03:16'),
(2,4092,6092,'Location-4092','xyz',0,CURRENT_TIMESTAMP(),1,'2018-07-31 14:20:31'),
(2,4093,6093,'Location-4093','xyz',0,CURRENT_TIMESTAMP(),0,'2018-07-28 16:29:00'),
(2,4094,6094,'Location-4094','xyz',0,CURRENT_TIMESTAMP(),1,'2018-07-27 03:13:02'),
(2,4095,6095,'Location-4095','xyz',0,CURRENT_TIMESTAMP(),0,'2018-07-25 13:54:10'),
(2,4096,6096,'Location-4096','xyz',0,CURRENT_TIMESTAMP(),0,'2018-07-26 14:45:26'),
(2,4097,6097,'Location-4097','xyz',0,CURRENT_TIMESTAMP(),0,'2018-07-31 08:27:36'),
(2,4098,6098,'Location-4098','xyz',0,CURRENT_TIMESTAMP(),1,'2018-07-29 02:35:27'),
(2,4099,6099,'Location-4099','xyz',1,CURRENT_TIMESTAMP(),0,'2018-07-31 09:41:15'),
(3,4100,6100,'Location-4100','xyz',1,CURRENT_TIMESTAMP(),0,'2018-07-25 05:50:48'),
(3,4101,6101,'Location-4101','xyz',1,CURRENT_TIMESTAMP(),0,'2018-07-31 08:21:01'),
(3,4102,6102,'Location-4102','xyz',1,CURRENT_TIMESTAMP(),0,'2018-07-30 08:52:05'),
(3,4103,6103,'Location-4103','xyz',1,CURRENT_TIMESTAMP(),0,'2018-07-26 08:38:29'),
(3,4104,6104,'Location-4104','xyz',1,CURRENT_TIMESTAMP(),0,'2018-07-27 11:52:12'),
(3,4105,6105,'Location-4105','xyz',1,CURRENT_TIMESTAMP(),0,'2018-07-26 05:31:03'),
(3,4106,6106,'Location-4106','xyz',1,CURRENT_TIMESTAMP(),0,'2018-07-27 22:17:08'),
(3,4107,6107,'Location-4107','xyz',1,CURRENT_TIMESTAMP(),0,'2018-07-31 22:29:03'),
(3,4108,6108,'Location-4108','xyz',1,CURRENT_TIMESTAMP(),0,'2018-07-26 20:53:14'),
(3,4109,6109,'Location-4109','xyz',1,CURRENT_TIMESTAMP(),0,'2018-07-25 12:18:30'),
(3,4110,6110,'Location-4110','xyz',1,CURRENT_TIMESTAMP(),1,'2018-07-25 19:27:15'),
(3,4111,6111,'Location-4111','xyz',1,CURRENT_TIMESTAMP(),0,'2018-07-29 15:21:26'),
(3,4112,6112,'Location-4112','xyz',1,CURRENT_TIMESTAMP(),0,'2018-07-30 09:37:47'),
(3,4113,6113,'Location-4113','xyz',1,CURRENT_TIMESTAMP(),1,'2018-07-25 21:16:49'),
(3,4114,6114,'Location-4114','xyz',1,CURRENT_TIMESTAMP(),1,'2018-07-30 04:30:39'),
(3,4115,6115,'Location-4115','xyz',-1,CURRENT_TIMESTAMP(),0,'2018-07-25 23:41:25'),
(3,4116,6116,'Location-4116','xyz',-1,CURRENT_TIMESTAMP(),1,'2018-07-31 23:58:53'),
(3,4117,6117,'Location-4117','xyz',-1,CURRENT_TIMESTAMP(),1,'2018-07-28 15:08:16'),
(3,4118,6118,'Location-4118','xyz',1,CURRENT_TIMESTAMP(),1,'2018-07-29 09:54:00'),
(3,4119,6119,'Location-4119','xyz',1,CURRENT_TIMESTAMP(),1,'2018-07-31 10:54:51'),
(3,4120,6120,'Location-4120','xyz',1,CURRENT_TIMESTAMP(),0,'2018-07-30 17:06:43'),
(3,4121,6121,'Location-4121','xyz',1,CURRENT_TIMESTAMP(),1,'2018-07-28 17:24:30'),
(3,4122,6122,'Location-4122','xyz',1,CURRENT_TIMESTAMP(),0,'2018-07-29 15:39:55'),
(3,4123,6123,'Location-4123','xyz',1,CURRENT_TIMESTAMP(),1,'2018-07-29 02:17:22'),
(3,4124,6124,'Location-4124','xyz',1,CURRENT_TIMESTAMP(),1,'2018-07-29 08:05:32'),
(3,4125,6125,'Location-4125','xyz',1,CURRENT_TIMESTAMP(),0,'2018-07-26 03:13:19'),
(3,4126,6126,'Location-4126','xyz',-1,CURRENT_TIMESTAMP(),1,'2018-07-27 20:29:09'),
(3,4127,6127,'Location-4127','xyz',-1,CURRENT_TIMESTAMP(),1,'2018-07-30 16:30:22'),
(3,4128,6128,'Location-4128','xyz',0,CURRENT_TIMESTAMP(),1,'2018-07-26 06:19:43'),
(3,4129,6129,'Location-4129','xyz',0,CURRENT_TIMESTAMP(),1,'2018-07-26 16:27:24'),
(3,4130,6130,'Location-4130','xyz',0,CURRENT_TIMESTAMP(),0,'2018-07-31 22:00:29'),
(3,4131,6131,'Location-4131','xyz',0,CURRENT_TIMESTAMP(),1,'2018-07-30 02:23:43'),
(3,4132,6132,'Location-4132','xyz',0,CURRENT_TIMESTAMP(),1,'2018-07-29 02:44:49'),
(3,4133,6133,'Location-4133','xyz',0,CURRENT_TIMESTAMP(),0,'2018-07-25 17:34:49'),
(3,4134,6134,'Location-4134','xyz',0,CURRENT_TIMESTAMP(),0,'2018-07-27 05:59:09'),
(3,4135,6135,'Location-4135','xyz',0,CURRENT_TIMESTAMP(),0,'2018-07-30 22:17:02'),
(3,4136,6136,'Location-4136','xyz',0,CURRENT_TIMESTAMP(),1,'2018-07-26 13:01:00'),
(3,4137,6137,'Location-4137','xyz',0,CURRENT_TIMESTAMP(),0,'2018-07-26 09:08:52'),
(3,4138,6138,'Location-4138','xyz',0,CURRENT_TIMESTAMP(),1,'2018-07-26 00:58:34'),
(3,4139,6139,'Location-4139','xyz',0,CURRENT_TIMESTAMP(),0,'2018-07-30 23:53:03'),
(3,4140,6140,'Location-4140','xyz',0,CURRENT_TIMESTAMP(),0,'2018-07-31 01:16:48'),
(3,4141,6141,'Location-4141','xyz',0,CURRENT_TIMESTAMP(),1,'2018-07-29 04:30:06'),
(3,4142,6142,'Location-4142','xyz',0,CURRENT_TIMESTAMP(),0,'2018-07-25 05:39:45'),
(3,4143,6143,'Location-4143','xyz',0,CURRENT_TIMESTAMP(),0,'2018-07-26 07:57:43'),
(3,4144,6144,'Location-4144','xyz',1,CURRENT_TIMESTAMP(),1,'2018-07-28 20:56:09'),
(3,4145,6145,'Location-4145','xyz',-1,CURRENT_TIMESTAMP(),1,'2018-07-27 16:10:32'),
(3,4146,6146,'Location-4146','xyz',-1,CURRENT_TIMESTAMP(),1,'2018-07-29 04:14:19'),
(3,4147,6147,'Location-4147','xyz',-1,CURRENT_TIMESTAMP(),1,'2018-07-25 18:42:35'),
(3,4148,6148,'Location-4148','xyz',-1,CURRENT_TIMESTAMP(),0,'2018-07-29 07:18:05'),
(3,4149,6149,'Location-4149','xyz',-1,CURRENT_TIMESTAMP(),0,'2018-08-01 00:39:08'),
(4,4150,6150,'Location-4150','xyz',-1,CURRENT_TIMESTAMP(),0,'2018-07-26 15:44:35'),
(4,4151,6151,'Location-4151','xyz',1,CURRENT_TIMESTAMP(),0,'2018-07-30 23:24:34'),
(4,4152,6152,'Location-4152','xyz',-1,CURRENT_TIMESTAMP(),0,'2018-07-29 09:09:20'),
(4,4153,6153,'Location-4153','xyz',-1,CURRENT_TIMESTAMP(),0,'2018-07-29 17:04:24'),
(4,4154,6154,'Location-4154','xyz',0,CURRENT_TIMESTAMP(),0,'2018-08-01 01:19:03'),
(4,4155,6155,'Location-4155','xyz',0,CURRENT_TIMESTAMP(),1,'2018-07-25 09:51:33'),
(4,4156,6156,'Location-4156','xyz',-1,CURRENT_TIMESTAMP(),1,'2018-07-28 04:04:58'),
(4,4157,6157,'Location-4157','xyz',1,CURRENT_TIMESTAMP(),1,'2018-07-31 22:28:26'),
(4,4158,6158,'Location-4158','xyz',1,CURRENT_TIMESTAMP(),0,'2018-07-28 22:27:20'),
(4,4159,6159,'Location-4159','xyz',1,CURRENT_TIMESTAMP(),1,'2018-07-30 22:30:07'),
(4,4160,6160,'Location-4160','xyz',1,CURRENT_TIMESTAMP(),0,'2018-07-26 19:56:43'),
(4,4161,6161,'Location-4161','xyz',1,CURRENT_TIMESTAMP(),0,'2018-07-30 15:29:50'),
(4,4162,6162,'Location-4162','xyz',1,CURRENT_TIMESTAMP(),0,'2018-07-25 09:49:18'),
(4,4163,6163,'Location-4163','xyz',1,CURRENT_TIMESTAMP(),1,'2018-07-27 00:12:10'),
(4,4164,6164,'Location-4164','xyz',1,CURRENT_TIMESTAMP(),0,'2018-07-30 06:31:20'),
(4,4165,6165,'Location-4165','xyz',1,CURRENT_TIMESTAMP(),0,'2018-07-30 04:24:26'),
(4,4166,6166,'Location-4166','xyz',1,CURRENT_TIMESTAMP(),1,'2018-07-30 12:35:12'),
(4,4167,6167,'Location-4167','xyz',1,CURRENT_TIMESTAMP(),0,'2018-07-29 18:38:25'),
(4,4168,6168,'Location-4168','xyz',1,CURRENT_TIMESTAMP(),1,'2018-08-01 01:00:41'),
(4,4169,6169,'Location-4169','xyz',1,CURRENT_TIMESTAMP(),1,'2018-07-29 01:00:38'),
(4,4170,6170,'Location-4170','xyz',1,CURRENT_TIMESTAMP(),0,'2018-07-28 20:12:13'),
(4,4171,6171,'Location-4171','xyz',1,CURRENT_TIMESTAMP(),1,'2018-07-27 18:42:56'),
(4,4172,6172,'Location-4172','xyz',1,CURRENT_TIMESTAMP(),0,'2018-07-30 19:18:29'),
(4,4173,6173,'Location-4173','xyz',1,CURRENT_TIMESTAMP(),1,'2018-07-30 21:59:13'),
(4,4174,6174,'Location-4174','xyz',1,CURRENT_TIMESTAMP(),1,'2018-07-28 05:13:16'),
(4,4175,6175,'Location-4175','xyz',1,CURRENT_TIMESTAMP(),1,'2018-07-28 08:34:01'),
(4,4176,6176,'Location-4176','xyz',1,CURRENT_TIMESTAMP(),1,'2018-07-27 02:28:26'),
(4,4177,6177,'Location-4177','xyz',1,CURRENT_TIMESTAMP(),1,'2018-07-30 16:08:43'),
(4,4178,6178,'Location-4178','xyz',-1,CURRENT_TIMESTAMP(),1,'2018-07-26 08:38:07'),
(4,4179,6179,'Location-4179','xyz',1,CURRENT_TIMESTAMP(),1,'2018-07-31 01:48:58'),
(4,4180,6180,'Location-4180','xyz',1,CURRENT_TIMESTAMP(),1,'2018-07-26 01:33:21'),
(4,4181,6181,'Location-4181','xyz',1,CURRENT_TIMESTAMP(),0,'2018-07-30 14:15:37'),
(4,4182,6182,'Location-4182','xyz',1,CURRENT_TIMESTAMP(),0,'2018-07-28 16:00:48'),
(4,4183,6183,'Location-4183','xyz',1,CURRENT_TIMESTAMP(),0,'2018-07-27 18:38:08'),
(4,4184,6184,'Location-4184','xyz',-1,CURRENT_TIMESTAMP(),1,'2018-07-30 10:35:19'),
(4,4185,6185,'Location-4185','xyz',-1,CURRENT_TIMESTAMP(),1,'2018-07-29 19:38:19'),
(4,4186,6186,'Location-4186','xyz',0,CURRENT_TIMESTAMP(),1,'2018-07-29 19:06:26'),
(4,4187,6187,'Location-4187','xyz',0,CURRENT_TIMESTAMP(),1,'2018-07-28 12:38:53'),
(4,4188,6188,'Location-4188','xyz',0,CURRENT_TIMESTAMP(),0,'2018-07-30 18:45:01'),
(4,4189,6189,'Location-4189','xyz',0,CURRENT_TIMESTAMP(),0,'2018-07-29 01:11:09'),
(4,4190,6190,'Location-4190','xyz',0,CURRENT_TIMESTAMP(),0,'2018-07-28 12:34:57'),
(4,4191,6191,'Location-4191','xyz',0,CURRENT_TIMESTAMP(),1,'2018-07-31 16:05:26'),
(4,4192,6192,'Location-4192','xyz',0,CURRENT_TIMESTAMP(),0,'2018-07-27 18:47:05'),
(4,4193,6193,'Location-4193','xyz',0,CURRENT_TIMESTAMP(),1,'2018-07-30 13:57:27'),
(4,4194,6194,'Location-4194','xyz',0,CURRENT_TIMESTAMP(),0,'2018-07-26 13:04:28'),
(4,4195,6195,'Location-4195','xyz',0,CURRENT_TIMESTAMP(),1,'2018-07-31 05:41:04'),
(4,4196,6196,'Location-4196','xyz',0,CURRENT_TIMESTAMP(),1,'2018-07-25 15:37:03'),
(4,4197,6197,'Location-4197','xyz',0,CURRENT_TIMESTAMP(),0,'2018-07-25 13:00:37'),
(4,4198,6198,'Location-4198','xyz',0,CURRENT_TIMESTAMP(),0,'2018-07-27 07:40:22'),
(4,4199,6199,'Location-4199','xyz',0,CURRENT_TIMESTAMP(),1,'2018-07-26 09:57:06');






INSERT INTO `hootusx`.`resident` (firstName, middleName, lastName, userID, email, gender, dob, title,primaryContact, alternateContact, status)
VALUES
('Felicity','Neil','Stewart','FNeilStewart','felicity.stewart@bvs.com','Female','1964-01-28','Mrs.Stewart','9981200120','8800145610',1),
('Victoria','','Fisher','VFisher','victoria.fisher@bvs.com','Female','1993-11-09','Mrs.Fisher','9981200121','8800145611',1),
('Olivia','','Harris','OHarris','olivia.harris@bvs.com','Female','1969-04-23','Mrs.Harris','9981200122','8800145612',1),
('Bella','','Anderson','BAnderson','bella.anderson@bvs.com','Female','1964-07-06','Mrs.Anderson','9981200123','8800145613',1),
('Ruth','','Hughes','RHughes','ruth.hughes@bvs.com','Female','1978-02-14','Mrs.Hughes','9981200124','8800145614',1),
('Julia','','Jackson','JJackson','julia.jackson@bvs.com','Female','1988-10-11','Mrs.Jackson','9981200125','8800145615',1),
('Molly','','Black','MBlack','molly.black@bvs.com','Female','1981-06-29','Mrs.Black','9981200126','8800145616',1),
('Tracey','','Arnold','TArnold','tracey.arnold@bvs.com','Female','1986-11-15','Mrs.Arnold','9981200127','8800145617',1),
('Bella','','Gibson','BGibson','bella.gibson@bvs.com','Female','1967-09-16','Mrs.Gibson','9981200128','8800145618',1),
('Julia','','Russell','JRussell','julia.russell@bvs.com','Female','1962-08-29','Mrs.Russell','9981200129','8800145619',1),
('Anna','','Bower','ABower','anna.bower@bvs.com','Female','1992-09-25','Mrs.Bower','9981200130','8800145620',1),
('Jasmine','','Turner','JTurner','jasmine.turner@bvs.com','Female','1985-07-09','Mrs.Turner','9981200131','8800145621',1),
('Madeleine','Gaw','Nash','MGawNash','madeleine.nash@bvs.com','Female','1992-11-21','Mrs.Nash','9981200132','8800145622',1),
('Virginia','','Ferguson','VFerguson','virginia.ferguson@bvs.com','Female','1989-09-19','Mrs.Ferguson','9981200133','8800145623',1),
('Elizabeth','','Vance','EVance','elizabeth.vance@bvs.com','Female','1991-08-06','Mrs.Vance','9981200136','8800145626',1),
('Elizabeth','','Buckland','EBuckland','elizabeth.buckland@bvs.com','Female','1980-04-07','Mrs.Buckland','9981200137','8800145627',1),
('Maria','','Lyman','MLyman','maria.lyman@bvs.com','Female','1973-02-11','Mrs.Lyman','9981200138','8800145628',1),
('Emily','','Cameron','ECameron','emily.cameron@bvs.com','Female','1966-11-20','Mrs.Cameron','9981200139','8800145629',1),
('Julia','','Marshall','JMarshall','julia.marshall@bvs.com','Female','1996-01-20','Mrs.Marshall','9981200140','8800145630',1),
('Wanda','','Randall','WRandall','wanda.randall@bvs.com','Female','1971-10-07','Mrs.Randall','9981200141','8800145631',1),
('Lauren','','Sharp','LSharp','lauren.sharp@bvs.com','Female','1988-08-09','Mrs.Sharp','9981200143','8800145633',1),
('Joanne','','Edmunds','JEdmunds','joanne.edmunds@bvs.com','Female','1963-10-25','Mrs.Edmunds','9981200144','8800145634',1),
('Sally','','Bailey','SBailey','sally.bailey@bvs.com','Female','1974-10-01','Mrs.Bailey','9981200145','8800145635',1),
('Stephanie','','Allan','SAllan','stephanie.allan@bvs.com','Female','1991-04-17','Mrs.Allan','9981200146','8800145636',1),
('Karen','Mc','Blake','KMcBlake','karen.blake@bvs.com','Female','1971-07-07','Mrs.Blake','9981200147','8800145637',1),
('Ruth','','Paige','RPaige','ruth.paige@bvs.com','Female','1995-04-04','Mrs.Paige','9981200148','8800145638',1),
('Melanie','','Taylor','MTaylor','melanie.taylor@bvs.com','Female','1983-04-17','Mrs.Taylor','9981200149','8800145639',1),
('Molly','','Simpson','MSimpson','molly.simpson@bvs.com','Female','1994-12-20','Mrs.Simpson','9981200150','8800145640',1),
('Megan','','Ferguson','MFerguson','megan.ferguson@bvs.com','Female','1969-08-31','Mrs.Ferguson','9981200151','8800145641',1),
('Pippa','','Taylor','PTaylor','pippa.taylor@bvs.com','Female','1993-06-30','Mrs.Taylor','9981200152','8800145642',1),
('Sally','kale','Paige','SkalePaige','sally.paige@bvs.com','Female','1991-01-28','Mrs.Paige','9981200153','8800145643',1),
('Leah','','Hunter','LHunter','leah.hunter@bvs.com','Female','1982-03-10','Mrs.Hunter','9981200154','8800145644',1),
('Amy','','Sharp','ASharp','amy.sharp@bvs.com','Female','1980-12-28','Mrs.Sharp','9981200156','8800145646',1),
('Jennifer','','Simpson','JSimpson','jennifer.simpson@bvs.com','Female','1987-04-23','Mrs.Simpson','9981200157','8800145647',1),
('Leah','','MacDonald','LMacDonald','leah.macdonald@bvs.com','Female','1995-11-05','Mrs.MacDonald','9981200158','8800145648',1),
('Jan','','Watson','JWatson','jan.watson@bvs.com','Female','1970-12-15','Mrs.Watson','9981200159','8800145649',1),
('Donna','','Rutherford','DRutherford','donna.rutherford@bvs.com','Female','1965-07-29','Mrs.Rutherford','9981200160','8800145650',1),
('Ella','','Hamilton','EHamilton','ella.hamilton@bvs.com','Female','1967-04-28','Mrs.Hamilton','9981200161','8800145651',1),
('Ruth','','Murray','RMurray','ruth.murray@bvs.com','Female','1966-12-09','Mrs.Murray','9981200162','8800145652',1),
('Kylie','','Alsop','KAlsop','kylie.alsop@bvs.com','Female','1973-11-23','Mrs.Alsop','9981200163','8800145653',1),
('Caroline','Fren','Baker','CFrenBaker','caroline.baker@bvs.com','Female','1966-06-29','Mrs.Baker','9981200164','8800145654',1),
('Wanda','','Berry','WBerry','wanda.berry@bvs.com','Female','1970-03-29','Mrs.Berry','9981200165','8800145655',1),
('Virginia','','Henderson','VHenderson','virginia.henderson@bvs.com','Female','1996-01-20','Mrs.Henderson','9981200166','8800145656',1),
('Sarah','','Wright','SWright','sarah.wright@bvs.com','Female','1964-12-06','Mrs.Wright','9981200167','8800145657',1),
('Karen','','Clark','KClark','karen.clark@bvs.com','Female','1963-11-12','Mrs.Clark','9981200168','8800145658',1),
('Katherine','','McGrath','KMcGrath','katherine.mcgrath@bvs.com','Female','1973-09-14','Mrs.McGrath','9981200169','8800145659',1),
('Samantha','','Walker','SWalker','samantha.walker@bvs.com','Female','1972-05-12','Mrs.Walker','9981200170','8800145660',1),
('Diane','','Avery','DAvery','diane.avery@bvs.com','Female','1970-04-11','Mrs.Avery','9981200171','8800145661',1),
('Diane','','North','DNorth','diane.north@bvs.com','Female','1992-09-03','Mrs.North','9981200172','8800145662',1),
('Amanda','','Gray','AGray','amanda.gray@bvs.com','Female','1983-11-21','Mrs.Gray','9981200173','8800145663',1),
('Penelope','','Randall','PRandall','penelope.randall@bvs.com','Female','1980-02-28','Mrs.Randall','9981200174','8800145664',1),
('Amanda','Fred','Mills','AFredMills','amanda.mills@bvs.com','Female','1991-07-19','Mrs.Mills','9981200175','8800145665',1),
('Claire','','Hunter','CHunter','claire.hunter@bvs.com','Female','1992-09-03','Mrs.Hunter','9981200176','8800145666',1),
('Abigail','','Fraser','AFraser','abigail.fraser@bvs.com','Female','1980-04-30','Mrs.Fraser','9981200177','8800145667',1),
('Carol','','Simpson','CSimpson','carol.simpson@bvs.com','Female','1978-10-11','Mrs.Simpson','9981200178','8800145668',1),
('Angela','','Stewart','AStewart','angela.stewart@bvs.com','Female','1994-10-04','Mrs.Stewart','9981200179','8800145669',1),
('Lillian','','Coleman','LColeman','lillian.coleman@bvs.com','Female','1977-11-03','Mrs.Coleman','9981200180','8800145670',1),
('Sonia','','Lee','SLee','sonia.lee@bvs.com','Female','1987-12-30','Mrs.Lee','9981200181','8800145671',1),
('Anne','','Hardacre','AHardacre','anne.hardacre@bvs.com','Female','1983-08-05','Mrs.Hardacre','9981200182','8800145672',1),
('Julia','','Greene','JGreene','julia.greene@bvs.com','Female','1971-02-01','Mrs.Greene','9981200183','8800145673',1),
('Fiona','','Clarkson','FClarkson','fiona.clarkson@bvs.com','Female','1967-08-04','Mrs.Clarkson','9981200184','8800145674',1),
('Joan','','Lee','JLee','joan.lee@bvs.com','Female','1983-03-13','Mrs.Lee','9981200185','8800145675',1),
('Mary','','Bailey','MBailey','mary.bailey@bvs.com','Female','1970-12-05','Mrs.Bailey','9981200186','8800145676',1),
('Anne','','Chapman','AChapman','anne.chapman@bvs.com','Female','1979-06-17','Mrs.Chapman','9981200187','8800145677',1),
('Samantha','','Kelly','SKelly','samantha.kelly@bvs.com','Female','1965-05-31','Mrs.Kelly','9981200188','8800145678',1),
('Pippa','Reil','Scott','PReilScott','pippa.scott@bvs.com','Female','1992-02-09','Mrs.Scott','9981200189','8800145679',1),
('Jasmine','','Vance','JVance','jasmine.vance@bvs.com','Female','1974-12-29','Mrs.Vance','9981200190','8800145680',1),
('Vanessa','','Thomson','VThomson','vanessa.thomson@bvs.com','Female','1986-04-27','Mrs.Thomson','9981200191','8800145681',1),
('Bella','','James','BJames','bella.james@bvs.com','Female','1969-09-14','Mrs.James','9981200192','8800145682',1),
('Wanda','','May','WMay','wanda.may@bvs.com','Female','1994-08-27','Mrs.May','9981200193','8800145683',1),
('Dorothy','','May','DMay','dorothy.may@bvs.com','Female','1992-09-15','Mrs.May','9981200194','8800145684',1),
('Megan','','Ross','MRoss','megan.ross@bvs.com','Female','1978-11-10','Mrs.Ross','9981200195','8800145685',1),
('Rose','','Lambert','RLambert','rose.lambert@bvs.com','Female','1980-09-01','Mrs.Lambert','9981200196','8800145686',1),
('Gabrielle','','Reid','GReid','gabrielle.reid@bvs.com','Female','1995-11-03','Mrs.Reid','9981200197','8800145687',1),
('Jane','','Oliver','JOliver','jane.oliver@bvs.com','Female','1984-04-24','Mrs.Oliver','9981200198','8800145688',1),
('Deirdre','','Hodges','DHodges','deirdre.hodges@bvs.com','Female','1971-06-25','Mrs.Hodges','9981200199','8800145689',1),
('Amy','Erick','Grant','AErickGrant','amy.grant@bvs.com','Female','1979-07-22','Mrs.Grant','9981200200','8800145690',1),
('Molly','','Ball','MBall','molly.ball@bvs.com','Female','1987-11-04','Mrs.Ball','9981200201','8800145691',1),
('Faith','','Morgan','FMorgan','faith.morgan@bvs.com','Female','1969-05-18','Mrs.Morgan','9981200202','8800145692',1),
('Dorothy','','Vance','DVance','dorothy.vance@bvs.com','Female','1975-06-19','Mrs.Vance','9981200203','8800145693',1),
('Lillian','','Arnold','LArnold','lillian.arnold@bvs.com','Female','1966-03-30','Mrs.Arnold','9981200205','8800145695',1),
('Wanda','','Tucker','WTucker','wanda.tucker@bvs.com','Female','1976-11-21','Mrs.Tucker','9981200206','8800145696',1),
('Madeleine','','Abraham','MAbraham','madeleine.abraham@bvs.com','Female','1964-02-16','Mrs.Abraham','9981200207','8800145697',1),
('Samantha','','Fraser','SFraser','samantha.fraser@bvs.com','Female','1971-03-29','Mrs.Fraser','9981200208','8800145698',1),
('Carolyn','','Short','CShort','carolyn.short@bvs.com','Female','1979-06-18','Mrs.Short','9981200209','8800145699',1),
('Grace','','Paterson','GPaterson','grace.paterson@bvs.com','Female','1971-04-30','Mrs.Paterson','9981200210','8800145700',1),
('Rose','','Wallace','RWallace','rose.wallace@bvs.com','Female','1991-01-12','Mrs.Wallace','9981200211','8800145701',1),
('Lauren','Mac','Grant','LMacGrant','lauren.grant@bvs.com','Female','1980-04-20','Mrs.Grant','9981200212','8800145702',1),
('Kylie','','Metcalfe','KMetcalfe','kylie.metcalfe@bvs.com','Female','1987-01-21','Mrs.Metcalfe','9981200213','8800145703',1),
('Chloe','','Forsyth','CForsyth','chloe.forsyth@bvs.com','Female','1962-04-30','Mrs.Forsyth','9981200214','8800145704',1),
('Katherine','','Hamilton','KHamilton','katherine.hamilton@bvs.com','Female','1984-01-27','Mrs.Hamilton','9981200215','8800145705',1),
('Irene','','White','IWhite','irene.white@bvs.com','Female','1991-11-01','Mrs.White','9981200216','8800145706',1),
('Chloe','','Walsh','CWalsh','chloe.walsh@bvs.com','Female','1982-11-11','Mrs.Walsh','9981200217','8800145707',1),
('Caroline','','Martin','CMartin','caroline.martin@bvs.com','Female','1982-05-18','Mrs.Stewart','9981200218','8800145708',1),
('Trevor','','Wilkins','TWilkins','trevor.wilkins@bvs.com','Male','1993-06-12','Mr.Fisher','9981200219','8800145709',1),
('Evan','','Mitchell','EMitchell','evan.mitchell@bvs.com','Male','1961-01-30','Mr.Harris','9981200220','8800145710',1),
('Austin','','Springer','ASpringer','austin.springer@bvs.com','Male','1964-08-03','Mr.Anderson','9981200221','8800145711',1),
('Dominic','','Cameron','DCameron','dominic.cameron@bvs.com','Male','1986-03-03','Mr.Hughes','9981200222','8800145712',1),
('Ryan','','Paterson','RPaterson','ryan.paterson@bvs.com','Male','1965-12-27','Mr.Jackson','9981200223','8800145713',1),
('Michael','','Lyman','MLyman','michael.lyman@bvs.com','Male','1974-01-19','Mr.Black','9981200224','8800145714',1),
('Anthony','','Fraser','AFraser','anthony.fraser@bvs.com','Male','1975-03-20','Mr.Arnold','9981200225','8800145715',1),
('Cameron','','Bower','CBower','cameron.bower@bvs.com','Male','1962-06-09','Mr.Gibson','9981200226','8800145716',1),
('Dylan','','Dickens','DDickens','dylan.dickens@bvs.com','Male','1969-03-31','Mr.Russell','9981200227','8800145717',1),
('Luke','Zack','McDonald','LZackMcDonald','luke.mcdonald@bvs.com','Male','1967-02-01','Mr.Bower','9981200228','8800145718',1),
('Carl','','Hudson','CHudson','carl.hudson@bvs.com','Male','1985-11-06','Mr.Turner','9981200229','8800145719',1),
('Adrian','','Stewart','AStewart','adrian.stewart@bvs.com','Male','1983-08-10','Mr.Nash','9981200230','8800145720',1),
('Justin','','Nash','JNash','justin.nash@bvs.com','Male','1983-04-20','Mr.Ferguson','9981200231','8800145721',1),
('Connor','','Newman','CNewman','connor.newman@bvs.com','Male','1968-08-10','Mr.Springer','9981200232','8800145722',1),
('John','','Paterson','JPaterson','john.paterson@bvs.com','Male','1977-09-20','Mr.Vance','9981200233','8800145723',1),
('Joseph','','Piper','JPiper','joseph.piper@bvs.com','Male','1995-04-29','Mr.Vance','9981200234','8800145724',1),
('Nicholas','','Jones','NJones','nicholas.jones@bvs.com','Male','1984-04-29','Mr.Buckland','9981200235','8800145725',1),
('Stewart','','Baker','SBaker','stewart.baker@bvs.com','Male','1967-04-03','Mr.Lyman','9981200236','8800145726',1),
('Charles','','Graham','CGraham','charles.graham@bvs.com','Male','1988-02-17','Mr.Cameron','9981200237','8800145727',1),
('Alexander','','Payne','APayne','alexander.payne@bvs.com','Male','1971-06-28','Mr.Marshall','9981200238','8800145728',1),
('Benjamin','','Wilson','BWilson','benjamin.wilson@bvs.com','Male','1963-01-01','Mr.Randall','9981200239','8800145729',1),
('Blake','','Coleman','BColeman','blake.coleman@bvs.com','Male','1981-08-30','Mr.Ferguson','9981200240','8800145730',1),
('Trevor','','Knox','TKnox','trevor.knox@bvs.com','Male','1962-12-06','Mr.Sharp','9981200241','8800145731',1),
('Charles','Brown','Bower','CBrownBower','charles.bower@bvs.com','Male','1965-02-12','Mr.Edmunds','9981200242','8800145732',1),
('Tim','','Bell','TBell','tim.bell@bvs.com','Male','1967-11-27','Mr.Bailey','9981200243','8800145733',1),
('Nathan','','Thomson','NThomson','nathan.thomson@bvs.com','Male','1973-10-13','Mr.Allan','9981200244','8800145734',1),
('Lucas','','Berry','LBerry','lucas.berry@bvs.com','Male','1962-12-08','Mr.Blake','9981200245','8800145735',1),
('Christian','','Abraham','CAbraham','christian.abraham@bvs.com','Male','1963-09-09','Mr.Paige','9981200246','8800145736',1),
('Phil','','Hamilton','PHamilton','phil.hamilton@bvs.com','Male','1990-10-06','Mr.Taylor','9981200247','8800145737',1),
('Jake','','Bower','JBower','jake.bower@bvs.com','Male','1981-01-19','Mr.Simpson','9981200248','8800145738',1),
('Kevin','','Cornish','KCornish','kevin.cornish@bvs.com','Male','1993-08-16','Mr.Ferguson','9981200249','8800145739',1),
('Kevin','','Rampling','KRampling','kevin.rampling@bvs.com','Male','1989-04-05','Mr.Taylor','9981200250','8800145740',1),
('Victor','','Ross','VRoss','victor.ross@bvs.com','Male','1979-02-12','Mr.Paige','9981200251','8800145741',1),
('Nathan','','Davidson','NDavidson','nathan.davidson@bvs.com','Male','1991-06-09','Mr.Hunter','9981200252','8800145742',1),
('Edward','','Lambert','ELambert','edward.lambert@bvs.com','Male','1995-09-05','Mr.James','9981200253','8800145743',1),
('Joseph','','Kerr','JKerr','joseph.kerr@bvs.com','Male','1975-01-14','Mr.Sharp','9981200254','8800145744',1),
('Christopher','','Johnston','CJohnston','christopher.johnston@bvs.com','Male','1989-11-15','Mr.Simpson','9981200255','8800145745',1),
('Liam','','Mills','LMills','liam.mills@bvs.com','Male','1978-01-25','Mr.MacDonald','9981200256','8800145746',1),
('Richard','','Pullman','RPullman','richard.pullman@bvs.com','Male','1983-03-09','Mr.Watson','9981200257','8800145747',1),
('Jack','','Kerr','JKerr','jack.kerr@bvs.com','Male','1983-09-03','Mr.Rutherford','9981200258','8800145748',1),
('Adam','','Marshall','AMarshall','adam.marshall@bvs.com','Male','1970-08-17','Mr.Hamilton','9981200259','8800145749',1),
('Stewart','','Forsyth','SForsyth','stewart.forsyth@bvs.com','Male','1988-12-24','Mr.Murray','9981200260','8800145750',1),
('Connor','','Knox','CKnox','connor.knox@bvs.com','Male','1986-12-13','Mr.Alsop','9981200261','8800145751',1),
('Gavin','','Thomson','GThomson','gavin.thomson@bvs.com','Male','1978-02-28','Mr.Baker','9981200262','8800145752',1),
('Colin','','Hemmings','CHemmings','colin.hemmings@bvs.com','Male','1976-10-16','Mr.Berry','9981200263','8800145753',1),
('Colin','kale','Cameron','CkaleCameron','colin.cameron@bvs.com','Male','1970-11-28','Mr.Henderson','9981200264','8800145754',1),
('Dominic','','Dyer','DDyer','dominic.dyer@bvs.com','Male','1967-06-13','Mr.Wright','9981200265','8800145755',1),
('Lucas','','Davies','LDavies','lucas.davies@bvs.com','Male','1969-10-02','Mr.Clark','9981200266','8800145756',1),
('Joshua','','Langdon','JLangdon','joshua.langdon@bvs.com','Male','1961-09-09','Mr.McGrath','9981200267','8800145757',1),
('Matt','','Parsons','MParsons','matt.parsons@bvs.com','Male','1961-02-15','Mr.Walker','9981200268','8800145758',1),
('Nicholas','','Glover','NGlover','nicholas.glover@bvs.com','Male','1983-05-26','Mr.Avery','9981200269','8800145759',1),
('Connor','','MacLeod','CMacLeod','connor.macleod@bvs.com','Male','1972-08-28','Mr.North','9981200270','8800145760',1),
('Tim','','Ince','TInce','tim.ince@bvs.com','Male','1972-11-21','Mr.Gray','9981200271','8800145761',1),
('Charles','','Ince','CInce','charles.ince@bvs.com','Male','1993-06-26','Mr.Randall','9981200272','8800145762',1),
('Steven','','Alsop','SAlsop','steven.alsop@bvs.com','Male','1970-06-06','Mr.Mills','9981200273','8800145763',1),
('Ian','','Graham','IGraham','ian.graham@bvs.com','Male','1990-08-03','Mr.Hunter','9981200274','8800145764',1),
('Dominic','','Anderson','DAnderson','dominic.anderson@bvs.com','Male','1971-11-02','Mr.Fraser','9981200275','8800145765',1),
('Gordon','','Graham','GGraham','gordon.graham@bvs.com','Male','1977-07-03','Mr.Simpson','9981200276','8800145766',1),
('Dylan','','Kerr','DKerr','dylan.kerr@bvs.com','Male','1995-11-24','Mr.Stewart','9981200277','8800145767',1),
('Adam','','Peters','APeters','adam.peters@bvs.com','Male','1986-08-15','Mr.Coleman','9981200278','8800145768',1),
('Nathan','Shaw','Butler','NShawButler','nathan.butler@bvs.com','Male','1983-07-01','Mr.Lee','9981200279','8800145769',1),
('Liam','','Howard','LHoward','liam.howard@bvs.com','Male','1986-12-01','Mr.Hardacre','9981200280','8800145770',1),
('Sebastian','','Poole','SPoole','sebastian.poole@bvs.com','Male','1961-10-01','Mr.Greene','9981200281','8800145771',1),
('Carl','','Edmunds','CEdmunds','carl.edmunds@bvs.com','Male','1969-07-25','Mr.Clarkson','9981200282','8800145772',1),
('Charles','','Stewart','CStewart','charles.stewart@bvs.com','Male','1976-08-26','Mr.Lee','9981200283','8800145773',1),
('Sam','','Coleman','SColeman','sam.coleman@bvs.com','Male','1963-11-30','Mr.Bailey','9981200284','8800145774',1),
('Oliver','','Oliver','OOliver','oliver.oliver@bvs.com','Male','1986-03-15','Mr.Chapman','9981200285','8800145775',1),
('Nicholas','','Bower','NBower','nicholas.bower@bvs.com','Male','1994-07-05','Mr.Kelly','9981200286','8800145776',1),
('Anthony','','Hardacre','AHardacre','anthony.hardacre@bvs.com','Male','1981-08-27','Mr.Scott','9981200287','8800145777',1),
('Simon','','Fisher','SFisher','simon.fisher@bvs.com','Male','1989-07-25','Mr.Vance','9981200288','8800145778',1),
('Julian','','Dickens','JDickens','julian.dickens@bvs.com','Male','1986-07-28','Mr.Thomson','9981200289','8800145779',1),
('Matt','','Rutherford','MRutherford','matt.rutherford@bvs.com','Male','1977-04-19','Mr.James','9981200290','8800145780',1),
('Jonathan','','Walker','JWalker','jonathan.walker@bvs.com','Male','1980-04-26','Mr.May','9981200291','8800145781',1),
('Andrew','','Oliver','AOliver','andrew.oliver@bvs.com','Male','1992-05-16','Mr.May','9981200292','8800145782',1),
('Andrew','','Walker','AWalker','andrew.walker@bvs.com','Male','1971-12-05','Mr.Ross','9981200293','8800145783',1),
('Nathan','','Mills','NMills','nathan.mills@bvs.com','Male','1981-06-30','Mr.Lambert','9981200294','8800145784',1),
('Tim','Law','Baker','TLawBaker','tim.baker@bvs.com','Male','1995-02-25','Mr.Reid','9981200295','8800145785',1),
('Lucas','','Lyman','LLyman','lucas.lyman@bvs.com','Male','1965-02-22','Mr.Oliver','9981200296','8800145786',1),
('Liam','','McGrath','LMcGrath','liam.mcgrath@bvs.com','Male','1979-09-15','Mr.Hodges','9981200297','8800145787',1),
('Peter','','Abraham','PAbraham','peter.abraham@bvs.com','Male','1982-05-11','Mr.Grant','9981200298','8800145788',1),
('Neil','','Ince','NInce','neil.ince@bvs.com','Male','1987-10-02','Mr.Ball','9981200299','8800145789',1),
('Dylan','','Harris','DHarris','dylan.harris@bvs.com','Male','1975-11-03','Mr.Morgan','9981200300','8800145790',1),
('Leonard','','MacDonald','LMacDonald','leonard.macdonald@bvs.com','Male','1980-09-24','Mr.Vance','9981200301','8800145791',1),
('John','','Harris','JHarris','john.harris@bvs.com','Male','1977-02-27','Mr.McLean','9981200302','8800145792',1),
('Ian','','Morgan','IMorgan','ian.morgan@bvs.com','Male','1963-06-22','Mr.Arnold','9981200303','8800145793',1),
('Oliver','Donald','Rutherford','ODonaldRutherford','oliver.rutherford@bvs.com','Male','1991-10-29','Mr.Tucker','9981200304','8800145794',1),
('Warren','','Dickens','WDickens','warren.dickens@bvs.com','Male','1993-09-06','Mr.Abraham','9981200305','8800145795',1),
('Neil','','Butler','NButler','neil.butler@bvs.com','Male','1965-06-27','Mr.Fraser','9981200306','8800145796',1),
('Alan','','Anderson','AAnderson','alan.anderson@bvs.com','Male','1980-09-23','Mr.Short','9981200307','8800145797',1),
('Sean','','Skinner','SSkinner','sean.skinner@bvs.com','Male','1960-11-17','Mr.Paterson','9981200308','8800145798',1),
('Tim','','Peters','TPeters','tim.peters@bvs.com','Male','1962-11-03','Mr.Wallace','9981200309','8800145799',1),
('Phil','','Martin','PMartin','phil.martin@bvs.com','Male','1995-09-15','Mr.Grant','9981200310','8800145800',1),
('Edward','','Carr','ECarr','edward.carr@bvs.com','Male','1967-11-20','Mr.Metcalfe','9981200311','8800145801',1),
('Ryan','','Peake','RPeake','ryan.peake@bvs.com','Male','1970-12-29','Mr.Forsyth','9981200312','8800145802',1),
('Stewart','','Paige','SPaige','stewart.paige@bvs.com','Male','1973-01-26','Mr.Hamilton','9981200313','8800145803',1),
('Sean','','Langdon','SLangdon','sean.langdon@bvs.com','Male','1984-11-07','Mr.White','9981200314','8800145804',1),
('Alexander','','Scott','AScott','alexander.scott@bvs.com','Male','1979-12-01','Mr.Walsh','9981200315','8800145805',1),
('Liam','','Peake','LPeake','liam.peake@bvs.com','Male','1977-01-16','Mr.Martin','9981200316','8800145806',1),
('Benjamin','','Hodges','BHodges','benjamin.hodges@bvs.com','Male','1968-12-13','Mr.Wilkins','9981200317','8800145807',1),
('Michael','','Ogden','MOgden','michael.ogden@bvs.com','Male','1993-06-24','Mr.Mitchell','9981200318','8800145808',1),
('Owen','','Piper','OPiper','owen.piper@bvs.com','Male','1965-07-15','Mr.Springer','9981200319','8800145809',0),
('Benjamin','','James','BJames','benjamin.james@bvs.com','Male','1979-05-14','Mr.Paterson','9981200321','8800145811',0),
('Adam','','Parr','AParr','adam.parr@bvs.com','Male','1965-09-25','Mr.Lyman','9981200322','8800145812',0),
('Eric','','Arnold','EArnold','eric.arnold@bvs.com','Male','1993-04-19','Mr.Fraser','9981200323','8800145813',0),
('Thomas','','Berry','TBerry','thomas.berry@bvs.com','Male','1975-09-02','Mr.Bower','9981200324','8800145814',0),
('Dominic','Merc','Dickens','DMercDickens','dominic.dickens@bvs.com','Male','1966-04-12','Mr.Dickens','9981200325','8800145815',0),
('Trevor','','Young','TYoung','trevor.young@bvs.com','Male','1994-04-15','Mr.McDonald','9981200326','8800145816',0),
('Max','','Wilkins','MWilkins','max.wilkins@bvs.com','Male','1995-05-24','Mr.Hudson','9981200327','8800145817',0),
('Peter','','Wright','PWright','peter.wright@bvs.com','Male','1975-09-03','Mr.Stewart','9981200328','8800145818',0),
('Charles','','Hudson','CHudson','charles.hudson@bvs.com','Male','1976-12-31','Mr.Nash','9981200329','8800145819',-1),
('Jacob','','Lee','JLee','jacob.lee@bvs.com','Male','1972-08-04','Mr.Newman','9981200330','8800145820',-1),
('Boris','','Fraser','BFraser','boris.fraser@bvs.com','Male','1975-08-25','Mr.Paterson','9981200331','8800145821',-1),
('Andrew','','Cornish','ACornish','andrew.cornish@bvs.com','Male','1989-03-18','Mr.Piper','9981200332','8800145822',-1),
('Andrew','','Hodges','AHodges','andrew.hodges@bvs.com','Male','1994-11-04','Mr.Jones','9981200333','8800145823',-1),
('Neil','','Stewart','NStewart','neil.stewart@bvs.com','Male','1982-01-06','Mr.Baker','9981200334','8800145824',-1),
('Trevor','','Newman','TNewman','trevor.newman@bvs.com','Male','1976-04-27','Mr.Graham','9981200335','8800145825',-1),
('Jake','','Gibson','JGibson','jake.gibson@bvs.com','Male','1960-10-13','Mr.Payne','9981200336','8800145826',-1),
('Gordon','','Simpson','GSimpson','gordon.simpson@bvs.com','Male','1965-08-16','Mr.Wilson','9981200337','8800145827',-1)
ON DUPLICATE KEY UPDATE userID=userID;

INSERT INTO `hootusx`.`locationresident` (location_id, resident_id, residentChkIn, plannedChkOut, comment)
VALUES
(1,1,'2018-06-23 17:52:43','2018-12-11 03:10:53','Chk the primary contact number'),
(2,2,'2018-06-15 23:09:28','2019-03-23 01:15:06','train the resident on no-smoking areas'),
(3,3,'2018-05-15 07:47:16','2019-02-20 08:47:11','resident to pay some money'),
(4,4,'2018-06-21 04:52:22','2019-03-21 06:52:31',''),
(5,5,'2018-06-15 23:50:03','2019-01-30 10:36:20',''),
(6,6,'2018-05-27 04:13:20','2019-01-29 07:26:43',''),
(7,7,'2018-07-28 14:33:48','2018-12-14 21:42:07',''),
(8,8,'2018-07-16 03:31:36','2019-03-20 06:13:15',''),
(9,9,'2018-07-20 10:24:06','2019-03-21 07:37:41',''),
(10,10,'2018-05-25 14:33:06','2019-02-28 15:34:07',''),
(11,11,'2018-06-04 01:31:25','2019-02-05 02:27:33',''),
(12,12,'2018-06-28 16:50:47','2019-02-28 14:05:46',''),
(13,13,'2018-06-12 01:13:54','2018-12-17 19:40:32',''),
(14,14,'2018-06-13 21:47:17','2018-12-20 09:48:44',''),
(15,15,'2018-05-22 15:43:07','2019-03-06 22:16:04',''),
(16,16,'2018-06-11 07:11:10','2018-12-20 13:46:56',''),
(17,17,'2018-06-28 19:57:41','2018-12-30 00:14:02',''),
(18,18,'2018-06-03 10:59:16','2019-01-31 10:22:39',''),
(19,19,'2018-06-17 08:41:52','2019-01-23 02:00:22',''),
(20,20,'2018-06-09 19:10:28','2019-02-09 11:58:22',''),
(21,21,'2018-06-23 00:24:16','2019-01-05 07:00:21',''),
(22,22,'2018-07-19 20:04:56','2019-02-11 05:07:39',''),
(23,23,'2018-07-31 05:06:06','2019-01-14 18:32:00',''),
(24,24,'2018-05-16 00:16:26','2019-03-30 11:33:52',''),
(25,25,'2018-07-11 15:15:48','2019-02-28 15:05:45',''),
(26,26,'2018-07-26 20:32:26','2019-02-14 04:35:51',''),
(27,27,'2018-07-31 03:49:14','2019-01-16 12:50:10',''),
(28,28,'2018-05-10 23:07:40','2019-02-07 23:21:00',''),
(29,29,'2018-06-17 05:00:46','2018-12-16 23:49:45',''),
(30,30,'2018-06-12 13:52:03','2018-12-19 01:30:57',''),
(31,31,'2018-07-08 16:15:47','2018-12-18 21:50:02',''),
(32,32,'2018-05-20 03:35:28','2019-03-16 06:45:59',''),
(33,33,'2018-07-12 06:32:05','2018-12-21 09:32:37',''),
(34,34,'2018-07-04 04:05:20','2019-03-02 14:51:03',''),
(35,35,'2018-05-15 03:21:45','2019-03-25 08:33:30',''),
(36,36,'2018-07-10 14:46:17','2019-03-20 14:40:22',''),
(37,37,'2018-06-19 17:29:59','2019-01-17 17:34:00',''),
(38,38,'2018-07-29 16:27:12','2019-01-17 20:00:07',''),
(39,39,'2018-06-17 01:25:39','2019-01-08 11:20:04',''),
(40,40,'2018-07-31 07:33:17','2019-03-04 10:15:47',''),
(41,41,'2018-06-28 16:56:18','2019-01-06 11:52:46',''),
(42,42,'2018-07-31 19:28:54','2019-03-31 03:18:01',''),
(43,43,'2018-05-03 02:06:57','2019-01-15 04:10:53',''),
(44,44,'2018-07-11 18:52:48','2018-12-10 21:01:07',''),
(45,45,'2018-07-28 12:17:29','2018-12-16 21:38:54',''),
(46,46,'2018-06-30 19:03:53','2019-03-25 23:25:59',''),
(47,47,'2018-07-16 03:03:36','2018-12-30 12:09:52',''),
(48,48,'2018-06-20 06:47:25','2018-12-11 07:53:01',''),
(49,49,'2018-07-22 22:18:06','2019-01-04 01:29:51',''),
(50,50,'2018-05-01 17:54:46','2018-12-08 06:28:38',''),
(51,51,'2018-06-18 07:43:42','2019-01-16 15:38:06',''),
(52,52,'2018-07-29 19:56:47','2018-12-04 12:49:56',''),
(53,53,'2018-07-22 08:02:41','2018-12-04 20:56:45',''),
(54,54,'2018-05-15 05:43:34','2019-02-13 16:59:47',''),
(55,55,'2018-06-26 11:25:34','2018-12-21 21:32:12',''),
(56,56,'2018-05-28 01:19:02','2018-12-28 00:14:01',''),
(57,57,'2018-05-27 19:28:48','2019-02-21 11:21:23',''),
(58,58,'2018-06-12 00:49:59','2019-03-14 01:46:30',''),
(59,59,'2018-06-22 07:58:34','2019-02-16 11:28:33',''),
(60,60,'2018-07-15 02:06:12','2019-03-15 02:35:45',''),
(61,61,'2018-06-07 20:15:11','2019-03-05 17:01:13',''),
(62,62,'2018-05-05 18:47:48','2019-03-20 19:14:22',''),
(63,63,'2018-06-06 10:14:10','2018-12-16 15:51:33',''),
(64,64,'2018-07-30 07:13:07','2018-12-03 12:40:34',''),
(65,65,'2018-07-04 19:11:27','2019-03-20 05:23:22',''),
(66,66,'2018-05-22 06:30:20','2019-02-16 21:59:01',''),
(67,67,'2018-06-01 23:21:58','2018-12-25 15:33:41',''),
(68,68,'2018-06-24 10:30:07','2019-02-24 17:20:40',''),
(69,69,'2018-07-12 20:31:38','2019-02-08 15:47:29',''),
(70,70,'2018-07-30 14:29:17','2019-01-01 09:06:59',''),
(71,71,'2018-06-20 17:11:20','2019-01-11 23:39:08',''),
(72,72,'2018-05-05 19:25:43','2019-03-23 06:04:48',''),
(73,73,'2018-07-05 18:34:40','2019-03-30 01:10:28',''),
(74,74,'2018-06-16 10:33:12','2018-12-21 20:24:29',''),
(75,75,'2018-05-05 01:15:17','2019-02-14 15:50:59',''),
(76,76,'2018-06-18 00:21:19','2019-02-12 16:15:34',''),
(77,77,'2018-05-18 03:10:15','2019-02-07 23:36:39',''),
(78,78,'2018-05-27 10:40:43','2019-02-16 15:01:27',''),
(79,79,'2018-05-11 20:28:34','2019-03-12 06:03:38',''),
(80,80,'2018-06-01 15:53:29','2019-01-22 22:36:16',''),
(81,81,'2018-05-20 20:16:17','2018-12-27 04:03:09',''),
(82,82,'2018-06-17 12:51:18','2019-03-04 13:25:09',''),
(83,83,'2018-05-27 09:29:12','2019-03-06 23:38:47',''),
(84,84,'2018-07-13 03:09:49','2019-01-12 01:25:14',''),
(85,85,'2018-05-13 12:51:35','2018-12-08 21:01:13',''),
(86,86,'2018-07-09 22:14:11','2019-02-21 15:44:00',''),
(87,87,'2018-07-03 16:43:18','2019-03-12 05:29:43',''),
(88,88,'2018-05-14 20:59:48','2019-01-10 04:56:19',''),
(89,89,'2018-07-19 00:41:21','2019-01-26 16:36:05',''),
(90,90,'2018-05-08 13:52:14','2019-03-18 22:20:15',''),
(91,91,'2018-07-05 02:58:13','2019-03-17 02:11:54',''),
(92,92,'2018-05-29 22:47:52','2019-03-27 07:20:58',''),
(93,93,'2018-07-02 06:07:08','2019-01-29 15:54:26',''),
(94,94,'2018-05-16 05:51:18','2019-03-24 22:07:46',''),
(95,95,'2018-06-24 05:04:44','2019-01-23 17:18:22',''),
(96,96,'2018-06-14 19:32:22','2019-03-23 03:03:10',''),
(97,97,'2018-06-01 00:41:12','2018-12-26 22:13:43',''),
(98,98,'2018-05-23 14:58:11','2019-01-29 10:27:07',''),
(99,99,'2018-06-24 15:31:55','2018-12-28 19:02:39',''),
(100,100,'2018-07-22 19:34:47','2019-03-03 08:45:39',''),
(101,101,'2018-05-24 07:30:47','2018-12-15 08:20:43',''),
(102,102,'2018-07-24 07:04:57','2019-01-16 17:19:35',''),
(103,103,'2018-05-25 00:49:04','2018-12-01 23:12:03',''),
(104,104,'2018-07-23 05:12:52','2019-01-12 04:47:20',''),
(105,105,'2018-07-15 00:36:31','2018-12-01 16:55:41',''),
(106,106,'2018-05-10 09:42:43','2019-01-09 14:45:31',''),
(107,107,'2018-06-18 01:53:10','2018-12-25 19:24:36',''),
(108,108,'2018-07-06 20:56:47','2019-01-02 22:24:38',''),
(109,109,'2018-05-06 04:35:59','2018-12-14 06:55:45',''),
(110,110,'2018-07-25 22:22:27','2019-02-24 17:44:17',''),
(111,111,'2018-06-28 01:12:17','2019-01-03 12:02:32',''),
(112,112,'2018-07-05 07:30:37','2019-03-04 05:02:21',''),
(113,113,'2018-05-19 01:51:29','2019-03-18 23:37:30',''),
(114,114,'2018-07-26 14:08:07','2019-03-29 09:49:10',''),
(115,115,'2018-07-31 23:19:45','2018-12-09 08:18:24',''),
(116,116,'2018-05-27 19:48:48','2019-02-14 15:12:00',''),
(117,117,'2018-07-18 13:11:25','2019-01-17 10:14:53',''),
(118,118,'2018-07-04 19:54:20','2019-03-13 11:43:23',''),
(119,119,'2018-05-07 12:19:25','2018-12-03 05:05:49',''),
(120,120,'2018-07-11 00:18:27','2018-12-19 10:01:32',''),
(121,121,'2018-07-28 09:38:56','2019-01-03 05:24:10',''),
(122,122,'2018-06-03 10:28:31','2018-12-18 19:30:16',''),
(123,123,'2018-05-06 23:01:27','2019-02-02 12:00:05',''),
(124,124,'2018-05-09 04:33:17','2019-01-08 01:59:39',''),
(125,125,'2018-07-06 08:03:45','2019-01-15 19:46:25',''),
(126,126,'2018-06-08 23:48:09','2019-02-05 11:59:53',''),
(127,127,'2018-06-06 15:02:44','2018-12-26 10:59:27',''),
(128,128,'2018-07-21 19:48:23','2018-12-09 15:23:01',''),
(129,129,'2018-07-26 23:50:04','2019-02-11 05:46:50',''),
(130,130,'2018-06-23 17:31:58','2019-03-28 09:18:08',''),
(131,131,'2018-06-03 04:57:09','2019-01-10 21:06:58',''),
(132,132,'2018-06-22 21:42:10','2019-03-07 17:59:44',''),
(133,133,'2018-05-19 22:53:24','2019-03-13 05:49:43',''),
(134,134,'2018-05-11 05:46:34','2019-03-23 18:23:48',''),
(135,135,'2018-07-04 13:47:20','2018-12-13 16:32:09',''),
(136,136,'2018-07-01 06:15:13','2018-12-20 13:55:29',''),
(137,137,'2018-07-04 06:35:44','2019-02-24 09:21:19',''),
(138,138,'2018-05-11 04:34:03','2019-02-06 20:34:24',''),
(139,139,'2018-05-12 03:11:22','2019-02-08 17:01:55',''),
(140,140,'2018-05-11 19:45:41','2019-03-02 13:23:19',''),
(141,141,'2018-05-21 02:33:17','2018-12-15 09:12:36',''),
(142,142,'2018-06-20 12:03:58','2019-03-30 00:56:23',''),
(143,143,'2018-06-14 05:07:57','2019-01-17 16:03:30',''),
(144,144,'2018-06-05 12:15:35','2019-02-07 09:25:36',''),
(145,145,'2018-06-05 15:58:04','2019-03-23 05:03:20',''),
(146,146,'2018-07-17 14:27:48','2019-03-20 14:08:23',''),
(147,147,'2018-06-07 19:00:19','2019-02-14 07:46:58',''),
(148,148,'2018-05-11 18:18:40','2018-12-14 03:11:44',''),
(149,149,'2018-07-31 13:30:50','2018-12-18 05:40:58',''),
(150,150,'2018-05-06 20:27:31','2019-03-14 05:32:02',''),
(151,151,'2018-07-12 06:26:38','2019-02-20 20:39:42',''),
(152,152,'2018-05-30 05:08:46','2019-01-11 08:31:00',''),
(153,153,'2018-05-15 00:21:36','2019-01-12 16:36:25',''),
(154,154,'2018-06-06 14:34:22','2019-02-10 21:06:10',''),
(155,155,'2018-06-02 09:29:15','2019-02-12 14:15:49',''),
(156,156,'2018-06-21 12:24:57','2018-12-30 17:36:04',''),
(157,157,'2018-06-09 12:06:22','2019-02-10 07:12:18',''),
(158,158,'2018-05-10 18:30:19','2018-12-29 14:56:04',''),
(159,159,'2018-06-05 15:37:25','2019-01-19 14:18:14',''),
(160,160,'2018-07-28 10:29:11','2018-12-05 23:25:46',''),
(161,161,'2018-05-30 00:40:01','2019-01-05 15:52:00',''),
(162,162,'2018-05-05 15:22:48','2019-03-25 00:01:37',''),
(163,163,'2018-06-04 18:36:03','2019-01-05 01:28:15',''),
(164,164,'2018-06-02 15:39:31','2019-02-20 18:50:07',''),
(165,165,'2018-05-28 13:20:30','2019-02-11 02:06:29',''),
(166,166,'2018-05-28 03:55:01','2019-03-28 17:22:31',''),
(167,167,'2018-07-13 07:51:54','2018-12-07 23:56:50',''),
(168,168,'2018-07-04 01:55:09','2019-03-11 21:55:21',''),
(169,169,'2018-06-03 14:08:29','2019-03-27 09:07:55',''),
(170,170,'2018-05-12 06:44:46','2019-02-13 09:34:01',''),
(171,171,'2018-06-09 21:34:45','2018-12-02 17:58:51',''),
(172,172,'2018-06-20 20:03:28','2019-01-29 12:54:39',''),
(173,173,'2018-07-20 00:10:27','2019-01-21 03:05:53',''),
(174,174,'2018-06-27 12:10:49','2019-01-19 16:24:23',''),
(175,175,'2018-05-31 15:26:20','2018-12-05 22:32:22',''),
(176,176,'2018-05-09 19:05:46','2019-01-18 23:21:47',''),
(177,177,'2018-06-20 03:04:03','2019-02-25 18:01:07',''),
(178,178,'2018-07-22 20:24:41','2019-01-24 14:39:50',''),
(179,179,'2018-07-28 04:28:23','2019-02-22 16:23:34',''),
(180,180,'2018-06-18 16:47:58','2019-03-18 20:35:08','');



INSERT INTO `hootusx`.`usertype` (`userType`) VALUES
('Employee'),('Contractor'),('Guest'),('Supplier');

INSERT INTO title (`title`) VALUES
('Engineer'),('Sr.Engineer'),('Manager'),('Director'),('Admin'),('SuperAdmin'),('QA');

INSERT INTO gender (`gender`) VALUES
('Female'),('Male'),('Both'),('Unknown'),('NA');


INSERT INTO role (`role`) VALUES
('Engineer'),('Manager'),('Director'),('Admin'),('SuperAdmin'),('QA'),('Guest'),('Supplier');


INSERT INTO `permission` (`entity`, `permission`) VALUES
('User','C'),
('User','R'),
('User','U'),
('User','D'),
('Zone','C'),
('Zone','R'),
('Zone','U'),
('Zone','D'),
('Location','C'),
('Location','R'),
('Location','U'),
('Location','D'),
('Resident','C'),
('Resident','R'),
('Resident','U'),
('Resident','D'),
('Task','C'),
('Task','R'),
('Task','U'),
('Task','D'),
('Role','C'),
('Role','R'),
('Role','U'),
('Role','D');

INSERT INTO `rolepermission` (`role_id`, `permission_id`) VALUES
(1,2),(1,6),(1,10),(1,13),(1,14),(1,15),(1,16);


INSERT INTO user (employeeID, firstName, middleName, lastName, userID, email, gender, title_id, password, primaryContact, alternateContact, manager_id, usertype_id, role_id, status)
VALUES
('C1001','Trevor','W','Wilkins','trevwwilkins','trevor.wilkins@bvs.com','Male',1,'f123','7700101947','8810001889',13,1,1,-1),
('C1002','Evan','M','Mitchell','evanmmitchell','evan.mitchell@bvs.com','Male',1,'f123','7700101948','8810001890',13,1,1,-1),
('C1003','Austin','S','Springer','austsspringer','austin.springer@bvs.com','Male',1,'f123','7700101949','8810001891',13,1,1,-1),
('C1004','Dominic','C','Cameron','domiccameron','dominic.cameron@bvs.com','Male',1,'f123','7700101950','8810001892',13,1,1,1),
('C1005','Ryan','P','Paterson','ryanppaterson','ryan.paterson@bvs.com','Male',7,'f123','7700101951','8810001893',13,1,1,1),
('C1006','Michael','L','Lyman','michllyman','michael.lyman@bvs.com','Male',1,'f123','7700101952','8810001894',13,1,1,1),
('C1007','Anthony','F','Fraser','anthffraser','anthony.fraser@bvs.com','Male',1,'f123','7700101953','8810001895',13,2,1,-1),
('C1008','Cameron','B','Bower','camebbower','cameron.bower@bvs.com','Male',1,'f123','7700101954','8810001896',13,2,1,1),
('C1009','Dylan','D','Dickens','dyladdickens','dylan.dickens@bvs.com','Male',2,'f123','7700101955','8810001897',13,2,1,1),
('C1010','Luke','M','McDonald','lukemmcdonald','luke.mcdonald@bvs.com','Male',2,'f123','7700101956','8810001898',13,1,1,1),
('C1011','Carl','H','Hudson','carlhhudson','carl.hudson@bvs.com','Male',2,'f123','7700101957','8810001899',13,1,1,1),
('C1012','Adrian','S','Stewart','adrisstewart','adrian.stewart@bvs.com','Male',1,'f123','7700101958','8810001900',13,1,1,1),
('C1013','Justin','N','Nash','justnnash','justin.nash@bvs.com','Male',3,'f123','7700101959','8810001901',14,1,1,1),
('C1014','Connor','N','Newman','connnnewman','connor.newman@bvs.com','Male',4,'f123','7700101960','8810001902',14,1,1,1),
('C1015','John','P','Paterson','johnppaterson','john.paterson@bvs.com','Male',5,'f123','7700101961','8810001903',13,1,1,1),
('C1020','Ramki','S','Seenu','rseenu','rseenu@bvs.com','Male',6,'f123','7700101966','8810001908',14,1,5,1),
('C1021','Suni','S','Ram','sram','sram@bvs.com','Female',5,'f123','7700101967','8810001909',13,1,1,1);

INSERT INTO todo (task, creator_id, owner_id, duedate, status, comment)
VALUES
('Check LAN cable in location 4089',13,6,'2018-08-04','Open',''),
('Replace BB Router in location 5012',13,7,'2018-08-05','OnHold','Router order placed; yet to receive items'),
('Get more spares of routers and panels',14,13,'2018-08-18','Open',''),
('Plan for Zone-6 and Zone-7 deployments',14,14,'2018-08-31','Open','');



INSERT INTO alarmhistory (location_id, alarm, setreset)
VALUES
(36,0,'2018-08-01 00:06:34'),
(132,1,'2018-07-29 19:33:30'),
(7,1,'2018-07-31 02:10:01'),
(162,1,'2018-07-25 16:46:20'),
(46,0,'2018-07-26 03:32:06'),
(59,0,'2018-07-29 20:08:50'),
(146,0,'2018-07-29 11:52:10'),
(31,1,'2018-07-30 15:52:49'),
(23,1,'2018-07-28 14:09:48'),
(150,1,'2018-07-30 17:16:43'),
(29,1,'2018-07-30 21:20:47'),
(141,0,'2018-08-01 02:37:39'),
(129,0,'2018-07-31 19:09:45'),
(171,1,'2018-07-31 07:52:24'),
(26,1,'2018-07-30 06:46:27'),
(49,0,'2018-07-26 17:35:19'),
(14,0,'2018-07-31 11:49:10'),
(4,1,'2018-07-29 10:31:06'),
(129,1,'2018-07-30 00:45:52'),
(157,0,'2018-07-30 03:15:03'),
(15,1,'2018-07-25 17:45:23'),
(12,1,'2018-07-31 20:12:21'),
(144,1,'2018-07-28 01:15:06'),
(103,0,'2018-07-25 12:45:13'),
(134,1,'2018-07-27 02:40:18'),
(70,1,'2018-07-25 23:47:31'),
(21,1,'2018-08-01 02:53:31'),
(164,0,'2018-07-27 01:00:10'),
(152,1,'2018-07-31 05:50:59'),
(92,1,'2018-07-31 21:17:59'),
(41,1,'2018-07-25 14:00:35'),
(122,1,'2018-07-30 05:24:15'),
(112,0,'2018-07-30 03:57:18'),
(10,1,'2018-07-26 12:58:44'),
(96,1,'2018-07-31 02:17:53'),
(96,0,'2018-07-30 01:50:56'),
(90,1,'2018-07-31 19:25:22'),
(78,1,'2018-07-30 19:42:15'),
(85,0,'2018-07-27 14:20:05'),
(87,0,'2018-07-25 18:40:20'),
(56,0,'2018-07-27 19:31:20'),
(179,0,'2018-07-31 06:39:45'),
(37,0,'2018-07-26 22:38:55'),
(121,0,'2018-07-28 06:52:51'),
(88,1,'2018-07-31 14:54:20'),
(4,0,'2018-07-28 01:25:32'),
(47,0,'2018-07-28 16:34:28'),
(43,0,'2018-07-29 12:30:23'),
(20,0,'2018-07-25 20:11:48'),
(170,1,'2018-07-30 06:05:24'),
(57,1,'2018-07-27 18:47:07'),
(166,0,'2018-07-28 05:34:56'),
(109,1,'2018-07-30 01:15:55'),
(34,1,'2018-07-25 20:21:49'),
(3,0,'2018-07-29 06:00:47'),
(155,1,'2018-07-25 17:19:34'),
(173,1,'2018-07-26 19:44:15'),
(115,0,'2018-07-27 10:38:02'),
(145,0,'2018-07-28 10:39:21'),
(23,1,'2018-08-01 02:21:47'),
(169,1,'2018-07-31 08:38:24'),
(150,0,'2018-07-31 00:17:39'),
(144,1,'2018-07-27 12:37:48'),
(15,0,'2018-07-30 12:09:53'),
(52,0,'2018-07-25 13:40:57'),
(79,1,'2018-07-27 23:07:52'),
(66,0,'2018-07-26 05:49:24'),
(63,1,'2018-07-31 06:49:08'),
(77,0,'2018-07-27 00:06:22'),
(145,0,'2018-07-30 16:37:38'),
(167,0,'2018-07-30 19:57:50'),
(116,0,'2018-07-27 17:24:02'),
(17,0,'2018-07-31 11:59:04'),
(149,0,'2018-07-28 00:00:28'),
(27,1,'2018-07-25 14:29:01'),
(43,1,'2018-07-30 15:13:31'),
(175,1,'2018-07-31 21:05:32'),
(71,0,'2018-07-27 19:46:25'),
(121,0,'2018-07-29 20:37:51'),
(99,0,'2018-07-28 19:41:42'),
(19,1,'2018-07-28 04:53:34'),
(106,1,'2018-07-25 11:18:04'),
(73,0,'2018-07-28 04:24:05'),
(45,0,'2018-07-31 04:45:03'),
(74,0,'2018-07-27 21:46:47'),
(101,1,'2018-07-30 10:23:25'),
(145,1,'2018-07-29 16:06:57'),
(54,0,'2018-07-31 17:41:30'),
(38,1,'2018-07-30 15:35:41'),
(129,0,'2018-07-30 05:24:06'),
(53,0,'2018-07-27 21:10:00'),
(65,0,'2018-07-30 16:37:06'),
(26,0,'2018-07-26 08:07:08'),
(26,1,'2018-07-27 09:23:55'),
(159,0,'2018-07-29 10:45:34'),
(61,0,'2018-07-29 00:23:13'),
(151,0,'2018-07-27 01:50:37'),
(177,0,'2018-07-29 22:22:09'),
(131,0,'2018-07-30 21:04:45'),
(43,1,'2018-07-30 18:00:34'),
(8,1,'2018-07-30 01:04:59'),
(28,0,'2018-07-28 04:53:56'),
(56,1,'2018-07-25 14:34:44'),
(73,0,'2018-07-25 17:53:32'),
(91,1,'2018-07-25 03:11:18'),
(48,0,'2018-07-27 13:28:03'),
(27,1,'2018-07-29 08:30:53'),
(97,0,'2018-07-26 20:59:35'),
(154,0,'2018-07-26 00:32:18'),
(23,0,'2018-07-30 22:25:25'),
(59,0,'2018-07-27 16:18:32'),
(8,0,'2018-07-28 00:31:32'),
(122,1,'2018-07-27 04:30:24'),
(86,1,'2018-07-29 03:45:50'),
(95,1,'2018-07-27 16:48:03'),
(92,0,'2018-07-30 16:33:48'),
(136,1,'2018-08-01 02:08:39'),
(89,0,'2018-07-25 07:53:30'),
(15,0,'2018-07-26 03:57:17'),
(46,1,'2018-07-26 02:39:02'),
(92,0,'2018-07-26 03:30:52'),
(118,0,'2018-07-30 16:40:09'),
(159,1,'2018-07-28 03:25:34'),
(136,0,'2018-07-25 09:29:23'),
(170,0,'2018-07-29 17:32:19'),
(159,1,'2018-07-31 15:57:46'),
(64,1,'2018-07-28 13:37:32'),
(9,0,'2018-07-28 16:41:06'),
(125,0,'2018-07-30 11:42:32'),
(50,1,'2018-07-27 04:14:33'),
(21,0,'2018-07-29 04:14:37'),
(87,0,'2018-08-01 00:36:53'),
(65,0,'2018-07-28 20:00:23'),
(25,1,'2018-07-30 18:01:14'),
(53,1,'2018-07-25 03:59:13'),
(149,1,'2018-07-29 14:41:17'),
(152,0,'2018-07-28 19:14:39'),
(142,1,'2018-07-29 12:40:32'),
(109,0,'2018-07-27 18:24:10'),
(22,0,'2018-07-31 22:51:57'),
(11,0,'2018-07-29 17:24:14'),
(12,1,'2018-07-27 20:05:07'),
(61,0,'2018-07-28 20:31:22'),
(77,0,'2018-07-28 04:07:42'),
(56,0,'2018-07-30 13:55:58'),
(94,0,'2018-07-28 04:56:04'),
(156,1,'2018-07-31 00:36:37'),
(57,1,'2018-07-28 05:43:52'),
(107,0,'2018-07-31 01:16:45'),
(169,0,'2018-07-30 16:42:28'),
(101,1,'2018-07-26 05:37:48'),
(50,0,'2018-07-29 13:08:39'),
(2,1,'2018-07-30 00:41:26'),
(86,0,'2018-07-26 00:02:57'),
(19,1,'2018-07-29 13:48:59'),
(137,0,'2018-07-28 13:12:48'),
(31,0,'2018-07-27 02:49:42'),
(86,0,'2018-07-26 18:36:39'),
(169,1,'2018-07-27 13:49:33'),
(58,1,'2018-08-01 02:09:20'),
(131,0,'2018-07-29 01:22:23'),
(39,0,'2018-07-29 12:13:04'),
(136,0,'2018-07-31 16:27:41'),
(19,0,'2018-07-28 18:48:11'),
(158,0,'2018-07-30 11:27:07'),
(146,0,'2018-07-27 16:25:31'),
(57,1,'2018-07-25 06:54:41'),
(103,1,'2018-07-27 07:04:37'),
(63,0,'2018-07-25 05:57:53'),
(13,1,'2018-08-01 00:12:43'),
(28,0,'2018-07-30 21:00:38'),
(11,1,'2018-07-25 12:40:48'),
(58,0,'2018-07-30 23:36:14'),
(68,0,'2018-07-27 11:54:38'),
(42,0,'2018-07-28 13:45:34'),
(53,0,'2018-07-25 22:52:24'),
(18,1,'2018-07-28 16:40:42'),
(51,1,'2018-07-27 10:37:20'),
(42,0,'2018-07-27 08:16:31');
